File ID,CER,0.278767957
0000003b8fd9bc22877135b42b04c49d4860312b001be688723ecc5d,0.06741573,
00000682f31904acc560fa359512e7bdd487b11efe36145a56874e30,0.047619048,
0000068bfcd8e252fd9ec8225bd1fdb47378a009f8afa00d4e998df5,0.114754098,
000009ed98ed39118493c10c8cf25ec9a6a936bd6cc6e527c29dccec,0.417582418,
00000da4b2da194ac31f6d1466d2ceb4823bdc263efa81004ee89464,0.06097561,
00000e944e581a66136c69bc1f89b8a1dd5f70a87fd39b1ea23cf0d1,0.196078431,
000014a01678b2c8167bd03f3ca29924365d67d0b5373a1175ad5f46,0.146341463,
00001571d3cdc8e278a27c30ff764e670582981cf6587a573b80f596,0.758241758,
00001688e6941f46312d3a34f17d0641e671fb817a1cba964c4f7577,0.168539326,
0000187289951616e63a258bed0d0e6c83e83c0ebd7587de8b85185a,0.1125,
00001e691520008b2f975e9ca29822bb6d19fca95f0cb5df094a7bc6,0.038461538,
000020b0688f8ab2d012242e10acc10e0b4aaf6882b075d66848fe36,0.180722892,
000020db7e99a1de454a92346534c843f7f712fd7d3160a7d575af4a,0,
00002801d1ef7aa5b574e3a47d2b4c8cdf596d2003cfd0d72073bbcb,0.047058824,
000028bcaa2a18a68c5da97699db6cc387a49bb7fde4a49f1eb31803,0.084337349,
00002db7ba91fd73618bebcc11a3440f1202fa4c66a5d6422292a905,0.402298851,
00003068300b3a77cfdd0208addd752f26c0c084963a1cdc0b4459ec,0.035714286,
0000376fe5fbeaa1b14731b758f1faa230d8a0229e3fe8c15d4ce958,0.2,
0000381573d407fe83934438efd5d2c0727766e4e14a79eca4aeb7f6,0.325581395,
00003cb6eb91e90adcb398c71dd3c41032035506ec1f5e0bd7848da5,0.185185185,
00003e689868ea8be1643dea6cdf7425042bb6a2d735d5dd46b0da36,0.043956044,
000041a92135bcf296b0bbd070c76af174dc7dbfae6915c25cb0873f,0.024096386,
0000437971b5ef6c00f4227d66f7268a1d3322232660e2cc10280e0f,0.011111111,
000043dcf2f0dd86460ce0f00e41877741e1b6726df4c99b46190d19,0.011235955,
00004fa8762211b82072e42bb271f6f9ba48047786908aa6b2a5c47d,0.136363636,
00004fed5abebd44eabb468dbdf00264fa80a3a72998fa0c1c6527c9,0,
0000525cb6d31af0b0ae45efc86f8ff6b8293fe3f054344565379f09,0.077777778,
00005370c4cf78d4408fc7a238092798ec1e11644f8711c6acc4a6cb,0.088888889,
000055e509d965229ff3828a5293fd29dd1c83cdf37f53cb2d57b1e1,0.092783505,
0000566e1c200bff42a1d60a9a73e5c55a68e7f666bc5e3c8d68ace0,0.193548387,
000056fb4e2ee44c7fafcf29d544be6bbaf891dec8f412bab6c4df98,0.191011236,
000057175528dd43a01aee6abcbed63731f3856d5aedc0f06e96cbe3,0.172413793,
0000571b8b537ce5660afd59506013cf9ce7f123910668560e39cc99,0.120879121,
00005b044247d9f9346e4c26cbfefa17ab81637b9bf7659d0e4631f8,0.031914894,
00005bb6cb0a6e0afcef0bb2d4ef86591be56bfe8bb83e4c09171bfa,0.066666667,
00005c6b401cc21c44c33e653e07782b2f275faf4a6b1ce9229b03ab,0.068181818,
00005f59082ba5552cf0d109ac43d358002e8bc0def5b61967f1c160,0.211111111,
000060d84680bde0bfb3c98ff8bf21e80d585e53303c51a0a56f7363,0.635135135,
0000618f5c02d1d132f7a78bac89f627c119d929577ef68447c07f8d,0.134020619,
00006241a5eb235b9b2249307a91f51626cf27ca660d531b7be5c569,0.112903226,
000064d2e7d0c2a720ba40ae7b349384d984aef872a827e85d542343,0.759036145,
000067de4e9bc569a01a907ba5c14ac6fff0516ebf87df19d295417f,0.202380952,
00006818595247ef193cd45570cdfb3055136cf5645e166896f9d5c5,0.373626374,
0000696d910e0464ed31d05c4a009b21b6926d217b1e4dd43a6f8266,0.117318436,
00006cfd101176bf0214e55b01641602a42d1e4a2e0dd1a25bc228b4,0,
0000724068ed76075c94a0306aa98bbdfb73d31e87da10fb91f9b1fa,0.011764706,
000073a7c7ae0185b5861bb2dff1a1451d684916361ce5ef2396e7c7,0.098901099,
000075b57422ec8658377f6ed54fc4e5e6cf2e0b0fab0867776270aa,0.056818182,
0000760a1d529945d9f3a4305945f64b1ce223532aec815cce937aac,0.117647059,
00007686c6479491fa8cabea37b85f92424986d563ba90db52599781,0.088888889,
0000784fb9c9544c483f1c69f52fdb31a02a8eaad00ceaee55522f82,0.13,
00007b2fa0ab11536a36886517d70652bc5d24317e6dea17665b1d4f,0.208333333,
00007d8ce46d5ae9deec72f581353fb73b04df64cf74e0fdf4238d1a,1.8,
00007fb0749eccaa515f25a7309415113237da6aa9d47d2b27809ac3,0.102272727,
0000815a7661a76d1fbb15db325b0f6fc8db489d421d1d10cbc309f5,0.02173913,
0000817e8bc412b37743b94268f3183f3055ac6379e223c254737194,0.043956044,
00008189dbb42d54341082bc98b4665d5cd545fec90056adf8211f34,0.16,
00008755b0586d0116a273ae1e6fd769256f1ba53e6e2d93ffa46695,0.095238095,
00008834125eb9ca25df9a65bb4fd67affc1103416a9d5228a02ddf9,0.096153846,
00008c26249f64c1a3aea7165d9b03476c3cc2fcbad053ecb7ab28a7,0.093023256,
00008c385446154c62236f9420099d05f6fb9ad79e0953dff3b9ca69,0.221052632,
000092f8cee8000b6b308e77e165d923854f6cc8bc9c4fd8250f2100,0.125,
0000957a9ae0300d0ee897223c976b48cb2ae38c398bcffb5579364e,0.023809524,
000095cda171c2053ca44b35e43ee6cc4aa213a22e4e9aaa785126e1,0.134831461,
000098bbdf6ea326f5df14a73e21428f4c8ef1dd0120edceacbb8d87,0.122222222,
00009a5f1d59f898d481cc3d7f5e2ff3b2a5aced4270a365209e3771,0.05952381,
00009cf87b771202bf99cf0bf1bbbf5819bcb4f4eec123829fb91528,0.010869565,
0000a1f1987a8355701c0c9dd13987b44379a9d840bc43e6a725a2cb,0.25,
0000a1f2055fdb58a359231f600537555d1ca7fa1833954a849decb8,0.221052632,
0000a4620b82770b74d9648ed26aea519393265be78818943a6705c9,0.192771084,
0000a7be825f70cbe4c49acf9a8b7804d05a8a4701a2b42a343a694e,0.988219895,
0000abbc78a14b4149f3293c575f2473baf3625d90602c91ab92addd,0.08045977,
0000ac1a9802032a07a6f94b9af85bbcb89b3b2ffb39f5e21f334b8b,0.194805195,
0000b51ac562056d95d2ab9a1925f69257cc1018e909d8583dc92ed4,0.917808219,
0000bd656afa87420cb91a1ab489e08bdf245eec75bc3cd24c5f9cec,0.065934066,
0000bff0e8e03e4a4689f2dc7db25894954dd6eba701cb023887c808,0.042105263,
0000bff3e4c197b17190d5f99834908cbc10047fb075a1c080409b49,0.064516129,
0000c1a14d47477176a4b193234f0f833f5034b76653ac0a36819e6c,0.115789474,
0000c83a1dc51e058cd162ae1eb9bba5d84bec51a79a55eb6cafcd1c,0.093023256,
0000ca5491c892d12e41a6b4f5251e4038b8295fd432149ccbc7602b,0.069767442,
0000cb7de3475df1b42b18cf7478ed78c44ab36fb07f52a5891da187,0.151162791,
0000cdba647fa5052bd2d8fe5cdbc29754e3e05b8271670b53b00358,0.011363636,
0000cf3af4fdaf9a8e13868fd77ab044cbe5938eb3b2eb27a3c09a4f,0.177083333,
0000d16dc61ef888e207dd9c70bcf4649e2f5400578d4af0d63c0067,0.1796875,
0000d6fdf16e07665c1d0da52d0f8163b55f2ccb924177a1fdf1a1ad,0.012195122,
0000dd991a4319e1bb3b582d283759741cf17d8ebb81ed8c68c3b7f5,0.375,
0000df7743a28bb6540e209b11fca074174f42e37351616618904d40,0.1,
0000e522eb47e8246abc6a289c5bce20722f42597603afad28d7befa,1.091954023,
0000e7cb059df12f7cccb8e7c4de4184019e08af05a5992b1beaf1f2,0.023809524,
0000eaf224bb26e58df18c80c500915deca89598558ac60934bbe9d3,0.021052632,
0000eb121367d3d166419eb60b075e97ccd77986ad380f3aab5dc464,0.510204082,
0000eb6e7b2d63e34ae7403bba577280d0f644e756d6b0721d5939e9,0.194244604,
0000ec5ad7667e5aca4eb46dc93a02bb06509ec09738265211e21d0f,0.604395604,
0000eedda73b90b0097ebe60a5953291bfd003ea54f7f69bcd0d4b94,0.084337349,
0000f6dae972e4b5c1ccb09c428d17f2bb3c609971c504b01292dc0c,0.11627907,
0000f90ae0d0ff692c94231b948700daeeccb4001701d164184757a3,0.024390244,
0000f98eee46fa9d434ee076322e1baa3eaded3eb6f4e338b58d3055,0.115942029,
0000fb088b71114cabb450234fc926abd1d79fdee305e5a1b1d16f36,0.097560976,
0000fc97b20673528f6facbcd191e749f26c058fb82cb557f68c831e,3.297619048,
00010167af8a636dd947f34e0b5b522f1d0f7df9fda80f54fba571d1,0.575757576,
000104538b2f194bfbe315e09483c0d345f1549ba72a7dd4571ad984,0.13,
0001051bf7087689e0ba79471761e20bf7385d0a62a4a714684d66f3,0.337349398,
000107069fa8d20b44d886ce6e1d6e715f9899193104631455a208d4,0.4,
00010bce07b1f71017022bf24a5b83abccf7047012385fd3ce81ab40,0.415730337,
00010d76cfc4a2475ed96b3f047b7b3b59c3b45836e89efe6379a010,0.170542636,
00010f80cae2c0f3cd63b0f7c0504d008654298f726962829c756696,0.123595506,
0001196bb9896db386f32d95d039cb18880a5abecc74dee392f35c2c,0.022988506,
00011b993796a8e69b2ff221bb772c26e0c6304169629ba590864b3f,0.11971831,
00011d6097867dca54e0b1966c14039a73d5c67dd99ffcf7ae9acb47,0.776595745,
000122fbaa9a48e5a63b80e6dff239f6f809e7fac8480abd5ac123ac,0.159090909,
00012abd5dbf410d971bba7a4c7f9b791bddb46bc7875584589383c7,0.632911392,
00012c3d4bea79fab5e8c207bc4fdda297ad31312ed45dba773aed2e,0.127906977,
00012db3cae149c904865d8343234c7be5c9424d7a16ab801640c49c,0.05952381,
00012fd31a06366368f7a824e76ea8f1c83311be593242717e9daea5,0.181818182,
0001315dd156c1e419c280945fb24f332f9a43bcae8fd2421972cbd6,0.12345679,
000131695d985dcf0346ac708c3cd5edb67df6f71c65bc3eaa16cb80,0.022727273,
000134bf44987f6da8af95919e45738d03c55aa470087bfd17c953c5,0.043010753,
0001394669a6b779929fedabda223bb0c6c79a1103484f59ce4585eb,0.052238806,
00013b9b3380ee46a25bf097f350eaf4f8aa40aa8e799941ad0df16f,0.127906977,
00013f0251222933ac40683c115d46840794c3b4ef6ba28f655fae47,0.10989011,
0001408c62f8abc5551e49eff5521dd21e2086a9d4ea9236fdac9a6f,0.047058824,
00014292cb5881013081705fb3f184a32c09c391a512a3e7be8b6379,0.145833333,
000147f54e71d959489257624d86548306b363d6c9b02d1be7812dc7,0.054945055,
0001490286da3038e4d64662f5e4eacdb149d2e6a4bae63b6518aec0,0.02247191,
0001495a6f69372e2d1e39a36aeb58b4b7e7d29bc675fa45df27801f,0,
00014bbe8fa22e3198bb7a74c8e27326a4e9c0eed1a733c913641810,0.471264368,
000154a7de1603789c1f19ffa8cea889f4126e4eca8739f4bb06ac3b,0.16091954,
0001598a6e10d2601bf276bd9d9052d30d83fde6cb98ee7846476378,0.114942529,
00015bad2b3f749ee4f2b77ecc0cc6a134bfc71e6296b03c0bd92de1,0.179775281,
00015df46b40439bd351b554f0f14310fe7ed22773184fc61d60e917,0.045454545,
0001644f582304095bb9354fd175875be45e430802de84f2e2f481f9,0.068181818,
000167e2170c18b410310db9024c10d41576bd3844327d3af72d2f27,0.21978022,
00016df1f407ed9fc85edfced9fccbc4bb233f35012a726cbf65ad07,0.4375,
00017093c33eaad66e65d77ac1f1a819170bc7e38ad1a128e9ba071c,0.070588235,
000172aac241f42e02555e5c4517f46e8ff7645b8a0f1cbf69a6dc79,0.175824176,
000173a10a7941bca0eeb5b12c33388896fdc7d58ad47c44b6aaf8bf,0.17721519,
00017782ec15309c7531f1ef841ec4aa97e271dc6298f1fff2aaf5e2,0.096385542,
00017a04f8b4c286b8fd3fae0d32be816467e8bdb830f4a1c257b7b5,0.08974359,
00017b57b1332ff284a0d4936f08f075343992eec7808006a26c010b,0.070588235,
00017cf2a8a9f13786f986ed5307233ce30af2ec45fb9d4861c29c3c,0.369565217,
00018083a042caca53008ccbe707fc18bad54bf149d155ec2ae93471,0.620253165,
000184dfd2ee538844c470fd18598cc106a1d476791c3e8aed3e78c7,0.25,
00018662b64eabb5396dd3b284049556e8e2ef038075447703cdb54d,0.262773723,
000189e4abff3a60a14fb7f51a3aa35ce8fadcf38e9b68abd82e6c34,0.074074074,
00018ae848ae346d813c7f9ff198da51467ac734a5bf8cd4a5734d0b,0.017241379,
00018d22be2aaeef27d3fc040bfd1faf9dbf173e892f78ec98da65bc,0.2,
00018e31b5792a655d2e25da4d5dcbf43cbbea01d28985a20c362d4f,1.04040404,
000192d54803a749890699dcd5adacb7a5cbbba1f3a932a7b186f994,0.133333333,
00019895c923286198997c7036ef4d734fb5206fc746d1eb602f890d,0.164835165,
000199ec3d1fd98a950f8bb3b39bdc0b40d6b8c276074c3d6ea023ce,0.126436782,
00019f89c4644ff22d5d1771a7a2730d2b1cdd110385a8046cbbdab5,0.034883721,
0001a06972999e04c852935a6a2707005d848ac645a8ad0d0e6f2490,0.15625,
0001a1f5392d954fe92a92607284be7e178d18cd113fccc0f07d9179,0.081632653,
0001a28f5815f0d560d7779051069fd2153ad330394acbaae89da607,0.269662921,
0001a31ecabcb64a4ff7ed54b9c110363ced5100fa0d1c2a9da643bb,0.303370787,
0001ae3f6f0a6022cd4df34ea04f8f10fdcd7c02ad7d9569d734b2f0,0.483870968,
0001ae64ca6482de93e9963a1f60e5ed2235069eb14d5fd3252b074a,0.58490566,
0001affd73ef428a50ed49ceb72a2c252eb2d172eb3966ea0f119d90,0.247311828,
0001b079a6562be667cbb0c899661ca6330f32f57e6b88e95a01f8a0,0.218390805,
0001b21849f7428ebe34c22ecc968d03be1e86aab09c7a9a58125951,0.154761905,
0001bc9bfc59d0573806ba3a226fd63040cc8c4ff50db30ecb0b8a7d,0.015151515,
0001bcda9231a3125ac4499f5628bcafe9fc29313da0b5e93fefc255,4.35483871,
0001bd4d4ba26cc81656e7ade759b180f9b3946dc12f094b6889e58e,0.185185185,
0001be9f7206c83f9e9924ca65f1f961e6b8c97f781282ad45d5682a,0.011904762,
0001c03facbdeaa772a2e32e91a1b126c18da9d301b5f6785854595d,0.406976744,
0001c1321413e26a1f8710349e088bd5d30c361756d6ec9b7ffc943b,0.153846154,
0001c269cdf07e25999d33d47db680c82e9485d466d38885c7a70fe0,0.034883721,
0001c3f6197c170244dd7aa2cb1caf8148136571c076cf0bfcbce6b6,0.189189189,
0001c4b8073d69b3ef6be669e3b3671855d9edb55e6a49a81f244c78,0.126436782,
0001c5400a288a32f73476c24cac4d0e329ff3e130e4a3dffbf7fc01,0.290697674,
0001c555ad3dc7dbf22bc89a4ae6eb651606e678ea37e6e9c086d2a2,0.366666667,
0001c79905bfac220db516978f5ebeb4466302cafb24bca4b7257ec2,0.097222222,
0001d2d74f2a424352a6d7959ae9ce9b31a14a615d028421bc9a07e4,0.045112782,
0001d3bb4fcfcf46e78605312848ba38d28a8d0ecef8919e8b066826,0.528571429,
0001d6db8aeedc8822195499fc310466700e306c9498a61fcfe1a841,0.555555556,
0001d77032a650fe06b754eea5bff3110f774c9865fb49edded2a409,0.096774194,
0001db881946b6860918a365d88a01148ab35c9eb0a863be4ea0e238,0.098765432,
0001dc9762732f8a0fe65ab9740c7627425ef6cc35d51d29c32c8c22,0.137931034,
0001dc9fd9a8dfb235a89ca30bd90c0b5e47ace9bc6f36a8db9dcdfb,0.152941176,
0001dd64d557dfe606556739168075e4d995b065b9165400a35d2d1f,0.047619048,
0001e0f1797e451e9b0c41f848de82d524e8e914bc1699c2d8c8a215,0.06097561,
0001e30ff2c1c221f5dd18ebd95df2288744b2039440533972193b4c,0.047058824,
0001e33f171a75db749eb4e134bba4a4413cc652b22dd7559f99572e,0.012048193,
0001e5085894b068c1566cb9ee1c0d1014ed7eed4111d47773dc82af,0.346153846,
0001e8587e0a3625c94d028295f006630613685224f36ddc9a3ac00f,0.237113402,
0001e8f88b5397b9d99ec2af3d8e799ea38b8b0c0114af5d5aa8af93,0.191011236,
0001ebf93d38c724b882317c81cac69be23ebfc4b005c634d4a621cb,0.096385542,
0001ee09a8e8af5d277f5ed5f08eb9249399db7eda9ba1db9f16a731,0.102272727,
0001eefa14b0b7904f0402ae01198a2dbb7ff8ecd91063d1f543a29b,0.172413793,
0001f271b10ea14c9ec69da59d26f63f86aa2530e6fc475d99ee090b,0.092783505,
0001f7157db7081394ce41af92a0f5b55379916b27a2e5829ff97978,0.359550562,
0001f850f747dd705fcdc2edb786d8ca31553d8a925390edd8ef5aa4,0.464285714,
00020079544cf3b0a0a5443d34be0429c062e1323dec6392a56379ea,0.244680851,
0002074626bb2e3fff825bcff1ef8b8c8d4408801d5122dfa2edae13,0.285714286,
000207567683c90200e6ae187adff1071f96ace45277da2b79a40c0e,0.045977011,
00020a06a904382f6ae93993c1fef85cdfb651127d87b036d7312a91,7.117021277,
00020b906854ac15ea1140751e30daa08b4a0614e6d59c7c3735babd,0.032608696,
00020bcc6ef75597cdfbfc49d39d37b899b323176345f6242e6c145a,0,
00020c35883ede07a95a11376d5dd9a8f34d326eaaca45e94bb9a4c2,0.168539326,
00020d0463e070ec31da9f17ae1a15c343d2088aca9c1d899d0d0646,0.438202247,
00020f816e80d49875129d08f403edfdbffde4d3137c3c7236fd3b16,0.770491803,
00020fad97c37b52c0afd11435b85bcf36bad1e9fa68dd7be345d4ee,0.143678161,
000211a1cfcfbba8023eda1dbf91b8498f607fc35383c0e11b355cd7,0.183908046,
00021433e9e5fcd91005c54e87c657c29e56202b16f95e9cab950dce,0.12195122,
00021579ab6dbdad9d9a8453de26afc3f4304e15e390d05e3537f708,0.13253012,
0002173ca8f2fedebc2c2fba1ed267b663cc4a49adc7d922a9d52760,0.067567568,
00022287c350f44c57d5ff80db932998f044ef98ddc8cf8cbfb62ab4,0.107142857,
0002239db4cb195aaaff526c4b84e1b9003775d027f69f9516f06a10,2.356321839,
000228f95e0a301e05ea291f4c2f6682c4c96582eaa8ea55f087de69,0.093023256,
00022bd275cc389c034578fbde1b1122f7308713655bd9de1d184397,0.173913043,
00022ec074a13d0ab9d0dc00a28fa441c5371427e66bfec89016f00b,0.885245902,
00022f919bf7f7a0a46459ed924a0303377b4fe2000876c15d2e5c79,0.047058824,
0002323b6be63885ec8a1719c79a265838990baa2d41708003dee263,0.078740157,
00023372bd898001550028f09df90c2bfda6ffad95f5042fd24b13ef,0.257425743,
00023a472f5c52e7444cc874f9979030ebdd87038d5fea890d5b23ee,11.32941176,
00023cd7e60a9003a42972f9767178d3c6e7a8e6f7ab95551b1b3a8e,0.325301205,
00023ef1cd73a67ad1c3a271858d3b3cdd847ce6bc2359c225d61175,0.142857143,
00023f953a1273f03454eb67b124cbd225ec58cc0c03fadfe6bae3c0,0.315789474,
000243136039feccabff796a3c1185e4eae59f0444aac89b9a7b3b15,0.11627907,
000247dabdf9d03cf38329ed646b10c4947d78469cbaa90bd5dd6ec0,0.011627907,
0002481e4282711d3679b56d5ba20cddd19351bf19b868ab419825b9,0.082474227,
000248c0e307970c6c7519f34bc2e64e1ab11a3052d17960c3992506,0.127906977,
00024be6bbf43784540dbcda7319485e8057d8d9d2d64415025ee768,0.333333333,
00024e1c2c1b86b0a64c286758f340523e390ab2094f7073cc95566b,0.320987654,
00024f2e219876f2e2a95c550c02e28be837b7a6107e0c0bdd8e69a9,0.257575758,
0002523623ed6e9a1068e530949dac7adbce4b2b2ff6c006c04aba2c,0.255813953,
000258202a9ff215eaf124920599d4176fdd3fd11ae86d5791c08acb,0.323529412,
0002628a7b0a6e28d44a048d34d1b7a6b8bf46206111c51e6510e97b,0.240963855,
000263e19e08b38fba4660ee7beb3bfe19556e59eb3d934173930900,0.188235294,
000268c45a2402e31cbd4c7a370ee9ae00f6b740554c04ba51614738,0.011235955,
00026e18d1b3a236be9e613ba96c419fd07f4bb1390b9783fe1fa1a9,0.108433735,
00026e9fd638babbc016f40c3d835e8a66ff8db431905a0ac7f2c81a,0.411764706,
0002776a88099a7e41e8d087799152794466b431dace79f52889b214,0.06557377,
000277bbea660efcba1a9f17c56fc9bedbcc89514b88a58f8cea99c3,0.035714286,
0002789d96a16b1205ecb7f9b9f4fbe2d8d1fe42be400d8b82070f97,0.333333333,
00027a13c62ad9136e35d2cf2803dd7b1eded4f408cea58632b47a23,0.197802198,
00027afed139bbe0666e132db30cae76c4808734e7604af37640f008,0.10989011,
00027f7561c05def4625e5c50ba4febf2e190d41526ae2fb3f63786d,0.035294118,
000285488acaf2ebdc8a95c957ed07352c6ab26980e57492ff1c9829,0.297619048,
0002893ec90707e782312625ec9dce7ed69b918053e1077992b5d8b6,0.043956044,
00028a94887eeb2af73925f2309f7e15c6fe1c98ad844bbeb41062fa,0.183908046,
00028e8bb921254f3280d2a4096a8f8079331481bab5252c7304d134,0.166666667,
000291e5b35ae469c6e0d420cee5b1b10be464c4f17efa2f11d7cbda,0.095238095,
0002927d79779cca83dc81d5e2f8ca026e16997e7f5840079edcb26b,0.101694915,
000293eee49fb02a65989d4734df5b373a55f7b93783e3083179c51a,0.318181818,
0002941f50d03f6da50fedcdffa8d271f58017c95b803cc9040530fa,0.060240964,
00029756b68a3076fa1fc519d925b6fb5e4d8cd40bf8394353bde7a1,0.10989011,
00029a8a024edb8fe413b7e333614b1026a325f980811bd93b315184,0.11627907,
00029a947b8674136720ffa5d764c2532b1677fd9ee19acefb369bbf,0.68,
0002a5b95ce23468e7b832c18ab4a2d278d59ad1ce710134d486ffb0,0.058823529,
0002ab0f1b88d66278fa1cdcf4823811f41f4256b8dc787bfa3eddfd,0.265060241,
0002ac69a06fd71c4a0d2a5545394e888192d80079a4e2968d311401,0.023255814,
0002ac6b42ffefb92075bf931c963e15680068839edb2324d9f86da2,0.204819277,
0002ac7806a8343874d0f2726685530d2bc307a5375c8e0f26f725f8,0.034883721,
0002b0afb1ca496bed95cb2ef1176b338f4384e0dfc67e481fdb024a,0.053571429,
0002b213bb5942b71f852f640d06134242798c4b47052aa450a8e38c,0.045977011,
0002b31afe75b3a3d5b086b84760a81e24bb04cc3398bf71a335399f,0.095238095,
0002b6bb494ea285471fa823834dafc0b532d1d8653a3851c3398486,0.471698113,
0002b70e756a3cedcf42a778ae54760952ebf6cd7430ca658fe085ba,0.215053763,
0002b8595efc4a5a281af9667980331217357d0a54cdb851e7b4d80b,0.144444444,
0002b9eaade4ea0e7cfe00c9546d875e22085e34459638bc169a1705,0.122222222,
0002ba1a897570038f0c8d2f16b1ec18f21d3f4ffd7986e66f3c2f8e,0.409090909,
0002c1331e8160b5e4955b2cec34a6426f8dc143dce90e927cba5677,0.072289157,
0002c1e423f222f0a6aa9dac700b1b58e32ff15837fa4c6f3b7e23ff,0,
0002c2a5730faca1e984ab74288a787363160fbbc2cee619274debe1,0.418604651,
0002c5bc23bd08798da31d685b6b2755deb1c7b7d5a64295896510ab,0.078947368,
0002cb477f305140097c87e280ae458b026fc417c2c0365c743c5b8c,0,
0002cc48414ac10c3ad9c3afe49c35acf6a6316037bfcf6b1a20d156,0.022727273,
0002d2f5c8710ace5988693eed64e8704a1a79124c41ff62b0bef34e,0.021505376,
0002d45ed5932d27758ee43f35c6811ec20a883ea5e3b4de01a9d887,0.139534884,
0002d4cda2a97f48cb3df134cd5871f6e5858d99ef953f3683f53ce1,0.068181818,
0002d7a5e2f3aaba4fc91d563e4d93519dd6ea960bbd13cb965ccd4f,0.825581395,
0002d7aab43b2efd27445a6e8ba2f052a6e706f0410f95d81cae6caf,0.011363636,
0002daf90b1bf517615cbce635b0aa6163763c801f17cd30e2c4fca6,0.064516129,
0002dbcd93207b4c04035ecdd749da9e90ea0aa2997f6eca93c52f16,0.423913043,
0002e2e7413d82232950a1b6a8280b89e24bd16b0cb6e425fe6145c2,0.0625,
0002e7bef05720042e1ca1117f606ddb39a27fd7748b568b8b52d79d,0.078651685,
0002e843b43dd595c607732971cc6223720977818151a7de45b4f23c,0.567010309,
0002e9446f64e753bddcbf0a4c59cd9e724cd339162b401b6fbb7297,0.197674419,
0002eb25b7785a8d666d73de26c02f465869d4515b86d45a53230105,0.146067416,
0002eb524d5cb54390e06bcd98b07bea612f5787abe9ee264ec56b11,0.582089552,
0002ed599ede561607c3a52ecf27ee9a6a82aa9565567c543c069553,0.255319149,
0002f0e49224933095204cbb5103ba4149668c461bd03de4751a105d,0.020618557,
0002f1e60f072e8301e96e4d3a1ed5d19d557ef2b259995bbd7b9a3d,0.092105263,
0002f4b4a3b1496981d46dfaea9145646266ad8d9eaa8acfdd296571,0.784313725,
0002fb8a904e20a7192ce491b6c5835ab29493483da1dd888591875c,0.16091954,
0002fc100abf18c8ed7380fb4826a174ad27c446962db80a0172bc3d,0.510869565,
0002fdf61411440120f8f438d05e73ac22f5cf593978c5a1cf60acba,0.25,
0002fe0ffac616cc1dad7a58e4ca364f601d8c4cbdbdeb7d0ae55f64,0.047058824,
0003074f1ff730549e0beb6f46eb4a82cce672fefc92d97fd7f96f77,0.047619048,
000307d08462fac75f30d2a0d6b25259fa12e706ed973b371d9bb8ec,0.043478261,
000309f5f6bbe94caf60cb593d53552e666774513f722ac199102255,0.08988764,
00030add07f4e84a7f0c770fa6b792aaf8bbedaefc6cd8a1c87d9bc3,0.259259259,
000316a5c7fd8030c40de15578c38f952eb3e4538d08abf47bd3c334,0.106382979,
00031b2cb2beafaba511ea0ecccac11c671b675371da8a4fc8ec062b,1.386363636,
00031e61c475e8f37b757f267af6dd2c6ff65e3677016873ac4d4c84,0.13253012,
00031e76ed7677d6eaaf78f3a4e02cf2591482f394404a77c9436b23,0.079545455,
00032555b04fcacfe99e2b0f6d404f7fd9e8b6a850b44eb0b95fb04c,0.09352518,
00032d33788ce5019baff6cfd8dbb83be21b1b17225953580693dda1,0.764044944,
00032dc1a4ca9ac848f8b95677e67d70120458f0bfd2f6c5c6f76268,0.166666667,
00032e0f989f080273fb957f153728562b2c3667107f22b5e4e7f9cf,0.14893617,
0003358f7e4fd51bc7e3fe3d2edb80d57c3bbfecd5a074aefff0f2db,0.244444444,
00033664d4f1cf6c4e2936154fcd5d67edfb7f7f3ca3725893a464be,0.081395349,
00033a2bda8c0b0498dba371532b16092549368085d32c85cbaf38eb,0.358024691,
00033d357448269c1f56671d1aaf210e5872ab1d0a27cf636b92bc96,0.461538462,
00033efe49cd70851fd3c11fb0e21f19a14d145bca99058cc1251fb9,0.181818182,
00034161d648bf5002139de5ba2c7153887ec6fa083a8a30423de379,0.084337349,
00034571f7961d3977ce3c56ec17cffd0c9f8ba67fd344ab3c97f233,0.591836735,
00034673a6b1f06df800a5e1a68e9defdfaf068a33ee5b16795427f5,0.213483146,
000347d42000a8c78f6158e36105acc5f55e8569ad193f2ac8fd8b60,0,
00034f23c213291c271809c658e052d9b405a025ee72f90ffad345c3,0.032258065,
000351e792c6e0e90a93cd73d2d8fca99950db6de0122db253aa1336,0.045977011,
0003575fd4c9b131e2af635a94c462a3c3c71c24c3469aae0fd9fea3,0.022988506,
000359f3dbd6c50db6ba68f9a69e36221233afd98835e5701f4d1f1c,0.202531646,
00035a425bdbc88cf1410d45eda5017f9fb6163f424e7a2d4b081ad7,0.021052632,
00035c2dec65d0dbf1841977070347d0e9c509f343734be16a1a4dc6,0.517241379,
00035c3017618aa5b87cb182d874eabe9760d127690b3f938fc42cb7,0.2,
00035e673cef2fceb3e50f1be98a0a8441758571ff277af1da47fb32,0.208333333,
000360b45d2a0aa5057de9bddf525e2b229771a782141a0ef5b98054,0.191011236,
000361a7ae24a71e62e459aeece9a97e8e91e7d676d5a675a26fa37c,0.096774194,
000361b04b0dad81b5c04302901611b96549649b4ace72ab08e79565,0.238095238,
000362b8ffdf5fc4a69cc130dc4319f155d110b784e2d4261e822b9d,0.712643678,
000364a358cbab0c1b96fb1b7b105cd926e9a9b7e212c29262e03ed3,0.18079096,
0003696fa83774586daf0466fbca345b914c381dcb1c8c1ca25c9f25,0.082352941,
00036dbf8cdff3b4bbaeade4dec30f9a3a69e7d2962f711eb1871cf7,0.043859649,
00036e4b66659ce6348db1f469bb29a82b9a62bed0e6959983bb5a9e,0.090909091,
00036f2098904b6bedf732eb0c48fdbe9662f80a4f460aa753f52151,0.038461538,
000376015e7d9e7900bc72cfd563b99d80f452b4ebfe296a34d15e59,0.057471264,
0003787e6b57cfb8e56ca49306739841b5dcb0fab6ffaa5c8e9f4c0f,0,
00037c3cc682ce7bbc5136338d865a0017e234c7c4cc841dbbe2db3a,0.126984127,
00037e069c8ee44488dea12a300c22e903edfc38fd39ddbfde0e6e26,0.011627907,
000381a7722352d56c659aac5580fdc416b3aae7e4fdc2800c0a8dba,0.034883721,
0003848dfb31d32586e1ca696505d966a06298f033befafb7bdcdf6e,0.674698795,
00038654945d71e3c93c9336b444ff74af07170f479f12bf023e96e8,0.072289157,
000388c5573f0cfa7ab9f9799c65d4c248814cd719452f3c79440b5a,0.054945055,
00038a889473b8c03fe26b529686c68aa9b2f587721b6e19581111d1,0.082474227,
00038b0172f671c2fa611ee7f93b22a6897450d3bf3bb7070cf04661,1.147727273,
00038d411f23484c13ee9e701a9c57e942f8008261930fdf965f51e8,0.032967033,
00038f36d5a6f93db56ca816593d06c86ec00474bfa8ed9775454a91,0.273684211,
00038f6a34c6a216404aaef87513c5ef79a1592c289cbc34e51e5a5c,0.213483146,
00038fd1c8583ab916706f8938f7959880adb54c2707798837be5148,0.398148148,
0003952f37206f7c761442924685b0bd9d49bbebb39b8f0f9bef47dd,0.459770115,
0003981ceadb6222810293594a86a3371a444375deb315feee1419c9,0.096774194,
00039f41b209f1cff55d92e898997acb1670078c6cd4fa345a4cf4e2,0.2,
00039f599b74277c9030aca5805c7fc76dab6511480ce408d60cb11c,0.092783505,
0003a0b27bf2ee657b39efea8658541dd70da85cab1d90fbe9cb6ac4,0.282352941,
0003a2617b016e44b64470a7ec88588fa02ff26654ef2b4e9685bc02,0.086419753,
0003a3c87753160c7b937f1ab941680597aedc0080bacf0f1746062a,0.164705882,
0003ae1792783b2fd1f3e502bb2e5a688b8fe50fd07c272778765790,0.207100592,
0003ae1c0a8a723b57e93af1680ca0da9775a0669747c47615dd44a5,0.306818182,
0003b6bcf93517d9cdc553651d030d114956b1e6a18783c464775092,1.092592593,
0003b94eb1b85d1b3d8cc6720c786c5b47bf9ef82eab874d2a36ad0f,0.304347826,
0003ba0c1461ab59c5fed303bffca5577abbbb655d099419b42a9c0d,0.555555556,
0003bd5fb062b1ca2ca6f8e12a6565b7fd0d438bca7409e45af96a6c,0.092436975,
0003cf1aad28e061d1f12e19635f0fb675cfee97af4ee69ea4c887be,1.046511628,
0003d20ef0ad531f597af393cfeee9e5fb6cbf73f5e0129694ecef7e,0.159574468,
0003d2a7ab843ef362600354241469d783f1951a00bbbfc6a72846c4,0.066666667,
0003d9c91b5c1e4a186eaa7a5f33d88fff93af08bf7525664e1eb576,0.535714286,
0003dc2677894889b9d2f3b20bf2e2bec368fca974c52f0dd9fe7d01,0.086956522,
0003ddc0b1b74c9cd0969dc3cc247ae1b14e624119b0766b1925ec09,0.049382716,
0003dddc4103dbac699850ededb7648851f44ec8e6ec932a4178d165,0.013157895,
0003e15207fdc2deeff6ac3f19c41e36643cf798464c71ff1b9f41fd,0.070588235,
0003e16b2afcc8d7b86ab637a89b29f7c5340f06661e6404a9de48ca,0.151898734,
0003e2433f3f2362ccf651775912b72fd798fda63d61d62406d52625,0.418918919,
0003e58c91d55e6aa3cf62ac8b161f003dec7be3df1c1b70fa42292c,0.351648352,
0003e783fa697621f56337ff605a32b9189b32b30be47a1c6c283da1,0,
0003eb32f87f3747d5ecee42a696d63d38c2cd983985eefb23aada81,0.130952381,
0003ecd8ee2c6586209855ee110b01e416fabc984dcba06895989d1f,0.182926829,
0003ee53a5e49213adb78ebcddd7c9c270be8171df0aa5adba6c05d6,0.119047619,
0003f23b5d461ccee428b062fd7b3c88e1174b5b90cf598d66e595a5,0.123595506,
0003f25f68949832afbff9c0692643e7761d8e3c2c77a1e579528685,0.256097561,
0003f60c36c2c465699f5dcad211361175e7bedfb228c276a19a6db8,0.340909091,
0003faff6d240fb92db1881563e363d7203ec6621af21cf37683df05,0.03125,
0003fd31b078d427c62e308d4b6adc288f78decba0b4bc8054d2e278,0.12195122,
0003fde03da56e4ad37f5df4bfea70fc41f054a6790a106d9573ff32,0.27388535,
00040344c5616e7ff4207d99020a9499a14a8a5fb5a91208fe333845,0.081481481,
000406f1745287d1b0855223073301fd1604db75b9afaedaf07f210c,0.204545455,
000407781ceda48bdbeb9e8a4a4335b8f6f2df6af2922b821979dbd4,0.011235955,
00040af12dcb5d204a9c7cede267d493c3b446278ace0d97b0c48f27,0.151162791,
00040bd62f51d074eb1fda6dd8d8e4542e9543afe16c8f606db9bf75,0.168674699,
00040bfd3ccea671798c573de52acb9fadd90ef9c0d06262c3af211e,0.388235294,
00040f93740e9fa11c210aa3b3ba0a74e027a30db04e37ffc13aafee,0.052631579,
0004110e6ec854a626872234cd07cb3d8ea211bec10fa9a5a2c9c26c,0.123595506,
0004114d6af7bcec58e6d6dea2afda6eeda4dc9d9fe09ab60d1d6eec,0.135416667,
000419bd1abee4bb482816581d9f93865b8ecd6ba94f9418803dc2fd,0.294117647,
00041ef585953a9b9224271164370cb29a7563dd97e3afcda21072be,0,
000423f749898d0533f942e405d8801172745d679576e662292d67c4,0.05952381,
0004270952acdfea62ceb5e90e10daf91b980e6ce43f9030fba68e37,0.107142857,
00042776854244d955aff8d4a66a332ee426705899c68a31ef824490,0,
00042c97d0062283a3be4c5e07d107519708be0ec13d619cace14297,0.192771084,
000433126c7988012760948a61619fccb21ac4bc821f1603c0c55552,0.5,
000433bbe4b23655c861270daf69b768b1eaa60926df50e2beb8445b,0.067484663,
000437527bc1eb0d4f0a31e862a8418ba18593f3a4f0dcad12c2897e,0.023809524,
0004391153d07cccbc8aaaf78bf8fc623ecf0f8cd21331b6512868dc,0.020833333,
00043bdbf0679811903b974bf179f9b2d5bb07e4bbf460d52907fb7e,0.117647059,
00043c498c107659b417b1c13729d001cc691ed73ffca76f4e91cee6,0.055555556,
000441cc7e97ab0093bd2b1ca9ac031d0bc55bdaa006fe4f6f1d946e,0.142857143,
0004429b9b9e615a040e481e2ccddc55ee1a80171820d75a1426aa95,0.065217391,
000442c3a615eb17c36f9e46cb887ba9031607526a4fad7f1f7d4bfc,0.223529412,
0004433175c28ed0e5983227558cb315c3bbf083efe4301e47374632,0.107142857,
000447a7386f29abec08ebda8a066615013b18b641d61d9809690c3a,0.247311828,
00044da400a3f3892367801b886553346f0f6364c47b9cdc6134f68e,0.07751938,
00044e1aec05ef13e789abaf13a6d2d128cf493eb3b67ab591654aac,0.058139535,
000450c824dc514f25f64a3c161d2dad198ddb0bf20fd1e9b6f6461b,3.068965517,
000450e61223dcf3e79bbcbde5a5eceee8a606997d25b94e0ac2b5a4,0.129411765,
000452b6070fc9bc9cb9df15f2bd28f102d4a7de39a7fae0a2b937c7,0.081395349,
000455314b9c491b61913dfaf74f98e6e5c75dc601c6e1a766171b52,0.142857143,
00045848f0cf127e4ce2fe579cf8fbafa87a5ee63c1ec030a18b6c92,0.208955224,
00045a6c9511a7de64a8c0d66aae9e1ec6a9c2bf36e7f73108782637,0.023809524,
00045c1dbfaf4b46e8c2f79d7a4cd652f3d948c9e8e02649373f9d6c,0.32038835,
000464c083bbd26b61f659325a96c559b8f0da09d38f09780d48099c,0.126436782,
000465648b1177811fac0380b83d2b4d5e4ddef9cddb079367a90142,0.626865672,
0004695c449f12cc9942d462b83334ab99ac45cf8adeca5da937d758,0.43956044,
00046ab434d409cdd0d73bda12505ae745321844c91200745bea71f2,0.376470588,
00046b4f84447a87381382eb1c9593aca3c3c3a4e7ed8959b77c5929,0.011627907,
00046cacb25b3e235cea8e0226f6694737a507cf1fa9c33081a7bfbb,0.290697674,
0004759bfe326cbc6cfca406a1cf36b0f1c139f9d65531e20ffe5305,0.1,
000478d4313d4aeb6ba98c456a02869488a5d0075bf7a807c9b2065b,0.076923077,
00047dc0910d63a912441ad0049d8c4587ed091051f8b5418e2466d3,0.595505618,
00047e5d012250b8af3d4c8ee4a39a14eb8ca2d3bbb9d78bd4ab9c0b,0.117021277,
0004807a068c108b8c53a6201f76fd080cc8c3941cfc6837559c2b38,0.017391304,
000480899c79eee98a4e3dfb10a52ee2232a5444514b5c6e3d5bffc4,0.032520325,
000488f86c17dbe54f4cd824baf07bbd35800d87b2ff94f9b02ea89b,0.2,
000494b1d2845f00bdb738098bd02191274b34ee57804cd002411eb5,0.030612245,
000495bb6870672d71b5073ec00bb34396a25834c46ef6f35fc6e272,0.014084507,
00049bf9e92d62e9d8c85c80f0343eb8c217920af666de9131dc0b87,0.085106383,
00049feb8b7f52fb9138c052b39f3dce4ed913616d4619ebe38e78ee,0.114942529,
0004a159b919309826cd71916fc7b65c9f1166b780027f5fa96765cf,0.122222222,
0004a2aaf3bc8ac1ff5af8ef30d38a2476be7f1c77598b7af1f3796a,0.023809524,
0004a43a82eeb214d981b4a54bc9f4165b0ef8a31ab41b53193a3b61,1.133333333,
0004a7aee0863a431f267b7477250a90429a76e1cc8501b2673b9e9b,0.083333333,
0004aede2844c393cb1ec7be34e07bc9bc1b48a27b11f7458186c279,0.193548387,
0004b0ecf5e892ede7eb8ef1fa04eef65a70cc2d2a26073f188b1ac6,0.237623762,
0004b2f889a71daa6f05cba93254d609a93a878ac2c89184c23f250f,0.404761905,
0004b5234d3b92d6439170ca93d9fd3833f79ef033c5d2ff266e8893,0.105882353,
0004b8229b2ef1f8adc89ceca89653426a4bdce3a2f0c3590453894d,0.25,
0004be9b850521e260487d0d5903f83ecafd855e649102874f771747,0.130952381,
0004c15563dcb81b12721f371de0fd5993f4c9016f537bb15477d30a,0.177419355,
0004c253eb25121d0265f893f0acbea47fc93cb29b1e3dd6f2d03ab7,0.113475177,
0004c5736a0ce5683fcc42797f22c901d4f056a899952990ca15fb5f,0.082352941,
0004c6d04abbcd7022b940016db1825d546d5217ea060981cc4ee401,0.129411765,
0004c9e072e5253ebf5ae828eedfa6a2c7bb62e829566af7bde375b6,0.532608696,
0004ca5248e478aa0279f2fef8cf247fab34e8d9f41629ab20fac66c,0.058823529,
0004caa21a1b8f666121ce84a1baec1927c1ea6d3b8ebb7ff207971e,0.130434783,
0004ccb728466f42f016619eb86a410fde89a03f786f43c1d46717b2,0.078651685,
0004d341e9a4cf7b55556b21cae39c0b7935699d0e98d6acdffebf36,0.08988764,
0004d5ac78d293cc08c4a0682402fa3aa350c02b0ca4f4dd070d17e6,0.011764706,
0004d676339eaec2498c1a17f04cd1276886cac4b268b9275be4a6d4,0.05952381,
0004d6faaedc42d4ce61bc102254bb673dd582cbc8011b0a576c1572,0.042253521,
0004d701eb2b5caca970d399b7dcfe508bb8dc3960cdc861582c590c,0.129411765,
0004db0d6527b90eccc2becdd31ca74cbdc7a67d42fb9d282040fed5,0.027777778,
0004e1349b9df81c6d30a9dfcf42f69aa5b6ab68790ca678aef91b9b,0.071428571,
0004e2b64856f4a2ed52342fab4eb64cfba914e36013f9647212cff6,0.060240964,
0004e2fd16a8c129cd2448947d6fb1e39d831e83af15ad0cc1314084,0.08045977,
0004eaa3b51f5456fbff8b5b840e3849cdc3b9af418dcc63faeca3f8,0.058823529,
0004eaee30971863addeec51c3c036ce8660dfb916a959e6613641a9,0.14893617,
0004ecff40eb6ec48dd8c203d428bcf08fc349bc081cdbd94bdabc68,0.048780488,
0004ede8001040db987bccabee12b777656e964c15bfa463cdb3ad20,0.097826087,
0004ef9c299946774b90ad97ecc080f36f4e48df82d3690dae991e2b,0.045454545,
0004f06e46b0424ea6dacec3fd0f7322c289acfd8afd25f47dfba8d2,0.177514793,
0004f49f0dd7895b718a0b43a8782a2259c724b7cf3b6fef2d6ea28b,0.086206897,
0004f4c8441e54d17d8f9d8c024b8e3e7bd9ac333abf52c426b0efe1,0.8,
0004f8d7aae4f352b1d40e9cfdc7c18754525dbec160906af5d0bb58,0.212121212,
0004fe312c901f49877e57c2fa14a7a3a9a0061efaca772500316537,0.229885057,
0004fe62fb9ddfceb13e6478e158a55895950c6886e883a06a2b30a0,0.016393443,
000505fc11d62c48f6fa60f03013e770caee1f6424266cc22293c26c,0.168539326,
000506421f1dbd033a8f546a4573bf65d4e8e48c3e449a7e7ad02b7c,0.1,
000516370c7668a26abc6bde48409cbf7dc006358b10889ea26a2f70,0.006451613,
00051b6a9593ffb0dc4518c267d2e98be7c05b20c4fea65607f9c3a8,0.010989011,
00051ef197d01c859111ec516861fb30bef9aa7d2cb19550300d2750,0.419753086,
0005222148822a5ba9c8841775bc2407900739fee1d6e88bd1fd46bd,0.010416667,
000522d6c964f56c6da9b9c56036cfd39bf3cb103fa58d0dbed9fcc4,0.209302326,
0005244f19611cfdf9210d208b330c8766f86c671cd2c9e8c87e8c2d,0.253012048,
0005249972763153cff37edbe944e6d025168a7be686f797f29c592a,0.290697674,
000525e0ed5893f97ad751ca90a92712ff5dd8c957a4138454e2b31d,0.077777778,
0005265de8d150402309001a2d15e054688f46931f435755d418005e,0.085106383,
0005282f5b2a9c357f50d6fe9278cbf315ca538d914c0e3f124e05fd,0.402298851,
00052d7108b830e2a8a953d60f4974a15b6b5f1fe13279eeba527f80,0.126436782,
0005313aaea7711771757ad8440dabb6143fccb8734f39c6ede4205d,8.654761905,
000531d4e140a395775371f5d96aa072ee8564abd77e66d1651efae2,0.786516854,
000531fdba38ae19220b52e844bb8803c56adcb626bdfa2a75ade831,0.320754717,
0005335b5e2206bdff3196d995e397d1e6eddbb456eccdd26393e282,0.021505376,
000536cf5c7b0c758a45505fa66adfdc2eac451510f27d8525465dd1,0.224719101,
00053bda18e896bf89277e22d4346f8c0989f06c4f7eafe685d6ed2f,0.04109589,
0005401f0ccb3f53899278d89ee6461f67c347414841afde7cf6bf0d,0.134831461,
000542621efcf42c99f5abb2c715ba12089a644abdb41aae69236318,0.476190476,
000542ce294ff06b69b28557eb820b97a41d299fa6b2bd056479ec60,1.227272727,
00054485e7592f089160e4cf66741e61e1be88668b4a7c9169c7f35d,0.465909091,
00054625ddffe2603cb8e7abd961e7f8b7b5fe4561f01c17d81023db,0.017241379,
0005475763b74b045d752c01db9e8e197fb9650778f1b343ba078b73,0.226190476,
00054e54de201c2205ea95865dde5e7dea6738b728d1dd857e4c58ca,0.056818182,
000550f06a1c674a692eb049ba61bdbcfe6f219f6186948227692da9,1.130434783,
000554010871fecd7d04fa9b83c3570c3058ab7a40944f4ca020acf0,0.036144578,
0005545f21e3917c4271924f54557202c698c914b2dff534647d2fe5,0.422222222,
000557a65a6358034789f4065e7dbe1c3101d6fc95bf7f296f846900,0.095238095,
000557cfa2e91905eb501c232c074e792d16c641a7709afdb2e52000,0.122807018,
00055bcfa81e44bedb285814b698de3ccc449433d384916b171e9c5a,0.406976744,
00055d796b65f882820c2c1864d6e85c70564b0051ee742e63c920f9,0.290697674,
00055e0fa92c39ece0a48e3911e730b31950605ce9f803eb4ca4ab02,0.441860465,
000560b7bcd608bc568d2d9cee8999ca4f5a22accefead89706c5df0,0.182795699,
000561a49624c7c56625e6d8ccd230b15d3f129083b84c19846a9593,0.034482759,
0005680e7ac8826cff24f15022b67a2651acd691bf897bf3d3e44345,0.3,
000568340cb01e73daaa263d90765a5c213160a75201d642d899b4df,0.131782946,
00057062512f8dbc62d1691b97d0e6d997f350f41c908956fec02dbd,0.058139535,
00057091dd6ea751089e57358095034164067c180c4d1730254924ac,0.039473684,
000574e671847cbc40ef7fa325f39bfb6338a7f7781e09e773702b41,0.022988506,
000581d3861ec1288d36d310a270e757f8c900504f15e819d52e8b3f,0.666666667,
0005823359016965ca75d751e0e68acb208ffb3223d0d8d3e6fb058d,0.282352941,
0005852ed393a499b0f5d72ed44cb73d4a5240d7fea081b9b9954c95,0.340909091,
000585495d6433c568227fe64c9003afb835bdc4b7f062b787860af9,0.051282051,
000586ee220a0de1e0b866a6698cb0f39e704d27608523870072c330,0.17699115,
000587c18f184287657e14183f806112cd824b5b58bf2698fa3198a0,0.288888889,
00058908aef9b8dfa217a015b8d9e1bc608776fe28b4b2d3653a7466,0.333333333,
000589d61a7d69ecd8dc007ba7a05687095ced1176ef9990715206e6,0.425,
0005920f3f0c30899451b75e6ed59b0c11e6852f9e1d94f585d77ff2,0.225806452,
000593db194d8db0c8cdd610d73dd970426d3536afb0d2421c7cfc52,0.295454545,
000599b31c11dd2d1d26a00c02054d6a59b772514e1945c854da99e7,0.195652174,
00059fb4cc353307732aef59a90e97d356a7ecbba082584c2b20d3ed,0.174757282,
0005a7a46d2fe25d00d2aee1d010f4658ab79edb5921fb41353ae1c0,0.08045977,
0005ae523c7b726c1f604c814713f0fb8cf5c73f9da5250084e4c137,0.037037037,
0005b1b18a55de57f345f10da586b03f0b5cfc5010ee5168c444e656,0.111111111,
0005b2be39f3d23e2788c27a92f732f05d5db6f65cd3f8e0e0985db8,0.446808511,
0005b874dd9d664463b8d68ca8601ef38008b96d2ff6ce43572ab8fa,0,
0005bc14aedff73a9de6738e58905145787ebeff4e2cc7c2d9051317,0.045977011,
0005bde9485a2ae585270073a02fcdc46d505a0b0f4ef5663ce162db,0.576923077,
0005bed150a18376e4155e194d5af438f196a91012cef2241c6ca24a,0.333333333,
0005c068bbeaac086dfe189350b9879274dab719cbcea1f71c3c50bf,0.102272727,
0005c0a4bca830ce8df7209facaf2f4469e75d0383c662fee64ec406,0.168421053,
0005c45d4e39fe95490cc5629ea9646606ae6172d424e5aff95fa2a2,0.126984127,
0005c46900c99cd632c95c078a7c20f0667d4c9de4fdcff7322d1a9e,0.433333333,
0005c5380cb0bffbc1d04f600c977b943fb6e8f4a148617c3a5e70ac,0.011627907,
0005c667b89363a5ef4b9bc0794d7695c251520f3d53b745ae13d44a,0.225806452,
0005c7ad0b651a6e23400488af389fc3bdf883a2411f4d961fb16588,0.134020619,
0005ca3a79965a8b3ce123583b2a05e97f5a2d33550578d26f6814c6,0.885057471,
0005cce67c2a73659e38fe00c3a0518d701b05367aba573b250db52a,0.011904762,
0005cde5f428e32600e498a4435f5171968ed1f2532b5ec56998d801,0.113636364,
0005d54e9fcfeb960cd4aaf27f91731cc6562e691798a9107e85183e,1.397590361,
0005d82497936332c932ff418abe0d1af5a074266df7b049ef9554a3,0.08988764,
0005dad7f655019fc95a3d24cc8918902fe2bd46e09e74e14c7cc042,0.032258065,
0005f12eecf9b65a88d8c91d92fafea126b6f9a316a5fad77aadc6d8,0.12195122,
0005f39cc53db8a43d0adfbd8bfa3c4e5daa80ef3b6b680dd98baba6,0.137931034,
0005f660aecd39c2ed55185e51d8cb6904a2ce8613c2f68d2a0381ae,0.127659574,
0005faab71c4b2c975d524faa5f23973e3f1c13dd393ad488e9a6897,0.267605634,
0006039069b9478a3874580a59ed86ffb45ac972c9baccfccdf595d3,0.006756757,
000609a6a7a31b9f73e816cb9a81bf9feac367f1bded6de803e4fd98,0.055555556,
00060a00338edfe04237fbe557256157c088b591008d8771c8875bd2,0.066176471,
00060c43da26aa2c3c8ddc35956d2e93eb98ce6d80f1f8607f24cd09,0.045454545,
00060dc8b4e444cb8a346187655013d56f6193d38e2ab85e7ac3bde0,0.022222222,
00060f878ed446b8665ba769646341dd1fd8fdffb16840e1b5d8fa10,0.046511628,
0006113ce7a130d3109bfca22c7845dd4421a5eb1dfc1134503cc06d,0.390243902,
0006167993ad8ead5fdbb8bbb920848c1c1a9ab9e694877268ef0fe1,0.164705882,
00061919a1c86de1f12538cbdc403b03de69c9c69351f2ddd2783bf9,0.101123596,
00061d4d7d7025e7d0111c935d76e9cbf09a00fbcd35e5f69a40baf8,0.068181818,
00061deeed62954c0b83af5a7afd29b822b4614752976c1f5ea0424d,0,
00062025d2385295ce3a45531d4952f641b22f828b45e338f2f89a45,0.518518519,
000621722f43efb38493bf664e72ff08c51b4fd8984d162e27090d71,0.126582278,
00062955956c5b6d01e0f00c2a62b43ccc4fb0bd03b1a310f0426f62,0.093023256,
00062b11d9194ee09fc3d229252aab1d25afc410e73ed1732af3b385,0.252747253,
00062cf61d6b7923bf77c315301719fd5374c31504d90d9d22e590d1,0.37804878,
00062eed7cb5d3c4556b36016b6fb4ef0c204c52783b4b2dfee0500f,0.32967033,
0006346181a9f5be70b29fc52029850e61975f9d45e966b91795a95b,0.157303371,
00063550de290cb41a83dba2a590fdb1b31dacacd8399c1e081c0186,0.240963855,
000641fd8505c9075cb59091f6b2aa10274a413d14720c8c5412c47f,0.034090909,
00064348790cbb3aa79952c9f7649e2f4399b19e5cba89bc9ebfac4b,0.046511628,
000644297172c62842d8e1df346cbceffa7e490c2ffdd69e453d264e,0.019230769,
000648c11a600dfbd965b85b307801da4da4b84195514e5a804dd947,0.843373494,
0006490ab72b00b90c0c6d18f95de5dd28fec8ecb0dfe52a9a502bd4,0.117647059,
0006492a977e2318142e4cbc68515b2628f23e644f4597d7ededd97a,0.107142857,
0006492ec61d69952a59f70b5fb2ce53cade9cfb6caa2c87887586af,0.75257732,
000649e66670c700e09c348a6c0d0e0a6881b691c88b6ef8867357e8,0.088607595,
0006512617afe78cdb6ee019f4049bd73158ff5c76b37f6c3a0de3da,0.022727273,
0006524c4ca885ab25e77b89478fefe8ee15e6ab8e9f27eecaa56131,0.010989011,
000656c6275864186cd9842d6f9b17e53314cf8ac65ba64ef4b009c7,0.380952381,
000659eb7e987dd688202e17ceea1649344480e887a87b065d934879,0.120879121,
00065affc3061a93800d4b3631eaa511330d82745c227caae741e9f4,0.292682927,
00065b7992c0f0e4acfa86b62048f1eedccc5b1f35512c6139bd8f31,0.425287356,
00065c8c4dcd658a10e87a7c33cf30ad6cf6313a1e50d2e31700e417,0.180851064,
00065ff619ea0ba598a8034e4f94f31fd38ffcb2b4527df7fbabfad0,0.024390244,
0006618e88467cadf3fa96fdb781c64b77a66baab3ebcf0cf4c6cfa2,0.056338028,
00066897bc68a223b97bf5ec51417949e3ad1423af76304f8b707537,0.277108434,
00066a22badd687f641a110182c224d0b3a58ad63e3cd78d451a0642,0.4,
00066ace56cf2f12a7d5e69b23af3ee7d2855b86078abb15cb87b329,0.147368421,
00066bed4173efff30303fc982fe82528834db618758bd364828d92f,0.781609195,
00066ff6d66513ab07526f9aec00092cbadd45bf79698272fdca911b,0.247191011,
00067107569155d10c1e73ecb11d7890c29ef9ccaebee78149e3bf2f,0.011627907,
0006715b5a8f57f9f6b248fee16b187ee62d4e437907b6009cd07c1e,0.462962963,
00067383dbc9eeb9ea542829b92d8603b4834b32a800468f26eecd8a,0.056603774,
00067571e3a48a6be66fdeb95658c902466709e80664180b95d4b349,0.235955056,
000677e0d6a027b8f42576242ce2898a5fb4b2d532ffb84dfd93f9e1,0.225,
000677f4aee051fcadddfb285d769057b5148ef03a0e3127aced0434,0.072289157,
000678986b36e4a629e72fd2478a91a588bce5da80df184f01fbe4e0,0.223684211,
00067ca7c9e0a41ceaac8f8601e7610668c1a7566d4bdfd7c4351015,0.276595745,
00067e98b348365ec1d773754e2c5342e0300583fcb9cfb934637c83,0.176470588,
00067ecb56e9141b03fb27103620e030539e897d9c383b4f367e6655,0.173076923,
00067f48d3747784b613e46cb38c0a01793b3237e11f7369881ace14,0.17816092,
0006858a8d306ef3077920de6b9cfbbba2ad315ebc9f14f7146fae0b,0.322222222,
000686913f2d15968160bff8b4d303ce6dc5da8416a0c43e97fbc72d,0.085365854,
000687f7d92077a3b4d67ab8ae74bafb755130cd6fee852918795fc8,0.447058824,
00068a4c9ba88bddab31b23eb47f09d7b2c42cf2270bd30651724b37,0.081632653,
00068ca0d1e7610ab60332cbaf3993e6a3b6856d836395b5defb2cd0,0.159090909,
000690c119f6637ec52349eb568e6d749c7b3006f6012f52548a8525,0.02739726,
000695eaf35b7e7e56396d100b3ce5be990632754299cc30b5ea3a5f,0.142857143,
0006978512fbb0bb7f2244ec9df0ed55b40f87afd8e39a9b7522ae16,0.146341463,
000697892d838226ecc0fbedff30ee19d80bdf32bd3d91fbaaf8cc0e,0.092783505,
00069bc85dece3936c8148c09d64eb5689a52cdeb4ee4d2a6c029e02,0.08045977,
00069c13aa68bceb0417e9ac83a87f2506489793a123a260450556f4,0.130952381,
00069ced36bd42e0ef585629dca7b01292a0cb9466e44412687a767a,0.103448276,
0006a936b092888ffdf6081eb262d5d1086304c8919ebafb95862876,0.068965517,
0006ad3d61dcf60c9c76f96ece5e1b6ca5e339a8bcd8ac8799387086,0.475409836,
0006b12391cff06e2ebbb6947d34deb5e9c0df54c815b1a85994588e,0.22826087,
0006b4afbdf9bfecb568ca1ec4f78dd5dfbd491fc2518592ef9e377e,0.333333333,
0006b5a23fbbfe7367eccc4054c705649878593b2d487e4656edace7,0.208791209,
0006b6a6ebd595ab3a6d3abe320b466d14bd5564e079ec022383fcd4,0.050632911,
0006bbe34c43dec443c5245b8744ee2f986bd01030eb92fce4901777,0,
0006bd6c92ff489b14a1cd7f821b9c1ec8dc43533d985d6ebb73c155,1.19047619,
0006ce67772962b7440fac270b19440cffe47ac97d261db37a6d8cb0,0.4,
0006cf8ddd199f3fb19468b280e708ff3a68518cbcd7efc75e8d05c4,0.149425287,
0006d4817908e9e3f39741e36e60b3a5e56905818dda766a0fc61493,0.047058824,
0006d65e3fd03570780afb5c191e396fd49828440b7fd59ffa163770,0.134146341,
0006dc3fac0d8b212fce8c595dea3a8fb8cf5661a82ec5369e698945,0.032258065,
0006ddd27cdc9e4771fe9bf35df4bb063c4d18c3684b0e715bbc68f8,0.662921348,
0006dded96d522ecd1540ce051fa121ffc088bf277a1ac1c1e63b248,0.360465116,
0006e0b28bc7452abf7ade648d000aaf06bca23d79cd478bb937ceb5,0.071428571,
0006e3bd4d0c17e76fc5450ae5937be26e2844a71c3d33fe8678eb41,0.096774194,
0006e589cc89f61c53a44d82c63f06d75292bd39ac7126e6d9b99f68,0.333333333,
0006e9e918c543a7905317d24900a2acd898c228b756a1dc50cf402c,0.011627907,
0006ea92413be9ad7012d571cb8167203ff066af7c52ec893caff1f6,0.177777778,
0006efad5d9b256382fda16612217e7ab2304216d2a04a3815092ae5,0.063829787,
0006efe0f0f89cfedb555de072db944026aab2a58fed64cf3b45b3a3,0.1625,
0006f3cbb4390a261091896a2a35c019475fca6a251027c98087ba9a,0.260869565,
0006f405a3fe2dc7e63f8054c81725ca4b0b97d655b6111f887738da,0,
0006f8277295f87f93bbc7c8799693642489e3c4472960ccc8125168,0.24691358,
0006f8aae28f53de2c51dc3d233d85e9b7c50085d9bc98103a13793b,0.386363636,
000701f3770a59e99ffb2b18f2fdb0e3f9bfd13c55507473d7f756fe,0.127906977,
0007030563b242170545caa37453d9f62c79d7e0a288381cf649793b,0.156626506,
0007030716beba0641d6647a389925342b180ae226263789f7732ba4,1.204081633,
0007067356428d5174a137888d84776b5233e622f8102ce00d9db944,0.070588235,
0007078c97b91f98c2af695e021901c49bf3994046d3855d11fef123,7.725274725,
000707b05dc245fed7b3ee27d22b90215c022b24ea222c0053dd6637,0.069767442,
00070edcd10cf958dd23a80a310a21abae45b23ecbd46d7d67bb4f31,0.151162791,
000711559ae2c80969fa355ca3a250f07d00892fd4e8953b010c3034,0.807228916,
0007127bb812f82fa28eaf2420f57daa085efc9621bb775159b3e456,0.068965517,
0007132a4715281b67234a7ea330a406cae97fbd81d3a841ba441262,0.012048193,
0007151832a944337094aea9146425ef101599ccf91b2249b8437e7e,0.269662921,
00071712eebf8aa81b3110d2a4ec6adb7980ba7a71c65e6b7950c0ec,0.080246914,
00071d013518facc88afc957a519dd3b9b9aef2f34c02d85e7b2112a,0.035294118,
000722044103a1af33b15804418c74faef513b7f71570006f0649b5c,0.317647059,
0007243e885b3070881fe2cdba93596eb7ce6ed96e649a4ee69bb113,0.196721311,
000724da9d9ade7c4de50c269c62a48fe1ab452e67cec2fd22861fb2,0.063291139,
000726fb34f096ade136c50d6dc336def0e9f8f3cabeeebf707c8f65,0.024691358,
00072771ed732f7b7016a18a4208061f121082257d96be2615aa2a0b,0.151162791,
00072a9b237423c48f7b2cb2ea9127486b0fa9289c24ee0b2ede8b99,0.035714286,
000735d2e4fd4900e9db8d5c123913ee169269d545108bf007ed1638,0.325581395,
00073b68e0c33db53fff52e8d71eb7599c464be965a5f0ade306949e,0.375,
00073e9f3a211b6d85aeaebced3509541427e6bc039d173a3bf845d7,0.738636364,
00073ee4cd7cc51a81ceef28e7a77d741a5febb041af435502fc0c2c,0.036585366,
00073f4070e0e71cbb1ed0e55b828a428c3840ac1f10287e87909aad,0.076923077,
000742492befa1e2251d154e409d01214b6960e79c1f203c9a750317,0.046511628,
00075111fd8f8abeacac861dfaf9864a3bce675850535e227eaf4f0a,0.026315789,
0007513f4d930a580da303a21754012da04634496642ccfd8fbfcc20,0.25,
000752996bf78c0b5356b310e64cc89d2e822e437560c2495bfb0834,0.037037037,
000752d63c693021a9bbd8651217facdf6c2b5b980f8964f04e6d0ad,0.011764706,
000752f3e9976aac0ed24a62c1f672356e937553c0cb9d1677808e10,0.173913043,
000754829bc7b75f60a85e990569ccf2f75adb1bf2d8fcd8c8f1a713,0.26744186,
00075a3d1cb12bc31aca75280465cef1a00830ac80262f1ba2f51a30,0.55952381,
000763b28a14ab0e1defb1318b1bceb63b89d3e388207077c9d3d787,0.179190751,
0007646dbed015997747880892351ef70a454b419504215e62d08bfe,0.120481928,
000765d9f93832fc22f6fa769567655c67f6b2a8c3ae0b7cca5bbe8e,0.119047619,
000766b9b62d84ee220f8d4f21255e191361962d0187e22967c99ec0,0.727272727,
00076b9489e1f386cdbef508521a4ac03dad5fe486bcbcdfa05f1115,0.224719101,
00076c8b06d0a23b4dc920e4f4a6ce0568f2dcbf45777bd390b5f328,1,
00076f8e94526c287d56778c177e5904090c16206bbd600448cf0801,0.022727273,
00077411f635af4884197439a58db3743a9f9f27bd515f0cc2d5e016,0.147058824,
000779cbfa1ebfb854b041ad0ebd5531834e2ce967079435da619983,0.074074074,
00077a22396b21693920f30f9d07f32ad94f42f740a63da4ad78281e,0.193181818,
00077aa88021b16f9762aa6c48baf693d0e332487055ab346cf986fc,3.988888889,
0007800fd1dbebafd2e8344cbc9dd7d0d94681edfa58162fb4dc5137,0.011627907,
0007838c4fc4a22e34b4095d07bd9ef5e5b430e31ab35a1db2aac364,0.06,
000784e4199a60f08720594a621f97d1cee4a29aa1d8bcbf6c05e196,0.072916667,
0007856d5a3fe7e40e04a561d5c2f18b2626cd8175c48869a4df74c4,0.179310345,
000787de765c1f0d7189d21f93dcd1261e3aff4da95c041717cf7a0f,0.817073171,
00078b56d9ab0c62453393cec8bb7bb2d0c3687d704a0106e610b5bf,0.247311828,
00078f1b531fd58eb5dfbfcf6c4913ba241c613553eb5d9f79715762,0.535714286,
00078f40f662fd82ad2593c587340089249deb8d3ce5151748123e6d,0.068181818,
0007940f7020dea62d9485726a29cefb650a07c883952d68e652ba5f,0.119047619,
00079457ddeda39a6c7bee8b88c99a77f5ef7a413cc762c3a9ea60af,0.178571429,
0007965c396c70e95666fd3adc4d0246b15a7afb388e4dbe302f313b,0.1625,
0007971244139b4749cdf3b184b561d5d2c518f10b2edd961f5acc36,0.08988764,
00079c44375d42a50227e41d35de2b904c5530d1ebb912646b19fbe5,0.152941176,
00079cf29385542787e52efbaa73a2f20ccc902f4a25d8fff218d4a2,0.078651685,
0007a0768229858586a5432335561a5bf39f3dd1019e7d54e601e79b,0.011363636,
0007a0936ffd09ecc30b0e4b4fb8217245b142b2c753546e42d200e8,0.146067416,
0007a495e3a8193209836e137aa9e8b67edad9bec873277c478828db,0.03125,
0007a6094cbf1b80c1b7adadd5404fa19eae5e08e1a65db3def04542,0.048780488,
0007ab558f2b40412f20f8e5d5de716fc456b4fdc6912b93ab91250a,0.177777778,
0007b019855d543af0da797e429ac11e1cc30230c5c5a7f20eec5e9f,0.103896104,
0007b159c8c174c00c5af4865935a3ee03e725b9b5196a07ec4e5b7d,0.08490566,
0007b1fe2d2b886cece301b7b77f680dd4fa08d6cb61224b4b8e1432,0.056818182,
0007b275e5418bf9fd9a87cc5cfcabc897340a1bb89af070a5e03c1f,0.117647059,
0007b4197ebb67707d8b7517a6113cf7792fc675ed757a14d486e864,1.294871795,
0007b59c3e954e6e7036ed6211a1c0a86bacedf97949efa06aa1948a,0.072289157,
0007b6be7dcc2765a50d61e57aa9dbf9a4bbd5c0766aa97a7e6e2471,0.25433526,
0007b6edb39951246c7c965076bf05ab2b0d8249aaf54a57edd41a15,0.265060241,
0007bac5b2bb05d64ca902a1566f8e2f2b269d6fb1f06a39969b4374,0.214285714,
0007bbba38ff20b388c24e07e5750fe7e64e7fdb76059ec216fcbe24,0.152941176,
0007be2851dddb0e22c52ccafd731c415a6431bfd68b5e0f3e60f33c,0.125,
0007c2320cfa02a3988db14fa5dccd9e3f43169f2955c0de5f6f7871,0.021978022,
0007c6baf836148396d5042bd4abbb7044fb56cf71457f50cf0a5e8f,0.204545455,
0007c8f36371c29019a6f0c3367bbcf71c1729462ade851fdf5badf5,0.088888889,
0007c9561c304daacf1f02f29378182627245bbf58643de61dac02c0,0,
0007c9ca2ad4ef200e880e44fca0412b554dae0f4fa7907e94d7be62,0.011627907,
0007ced1840e5637654bb919840f51d21a54a73f5a3f3dac4c5aecc4,0.252873563,
0007d8c8e06d925d56e5f3e661323692de74e669e26b5e68dc77bb21,0.258823529,
0007ded624990bde81e904aa95a7390dc3c885c2c3c87a6c01a43379,1.163265306,
0007e30605d5e9b682179ba4afd2ee3d32c6c02b70506b14c6c2bd07,0.179775281,
0007e5ab647b8ebec6cf117ee9b5bd7037df0f2b287564beab7a909e,0.246268657,
0007e5cb9d675457be09ac29b29c8c175fab295e66eafebf20dc3097,0.085365854,
0007e65dc7b5675ea3a714263e8f8f0e10153c4049aa3598f9908dc8,0.05952381,
0007e6f9f7214af2db6b86065bfdaa3044ed88da653839097a9d4dbe,0.134831461,
0007ed5e99ae1c63bd7a0376ad565bec6ff63cb56d06f2a1cc9b0371,0.176470588,
0007edf3c593f3aef1d681c83afa4c1a0f63a088f03cbd5ee536deb7,0.119047619,
0007f1280a427af3565f5ec61be5f4486f33c3a49d5dcc197b55d433,0.181818182,
0007f1ad0c9fbb3efd38bddf0141662497d613114ea5ac887e240ff1,0.104651163,
0007fc25b4d8055cee3f59f8924a387f9219527718c566fe30a6da68,0.072289157,
000800eaa3b480a32052278fd29d7399045c47941efc15bcf952e480,0.939393939,
00080463f6a06be489f9b8c01471b3822701d280cd5a874ececc7d77,0.447058824,
000805120fb59bc3825976f3a87b5a3edbdcc33cd0597864e6599ac1,0.170212766,
00080897d021321505d1cd3b65fcd465ea95a1f0b3556e149453b3b9,0.2,
0008118537f8bee17bd2627fbf6adf0418c67499b923caaca860a267,0.090909091,
000811903cf14c689f4ef11a520ab2f4536515cccf2550004f03ee73,0.717647059,
000811ef7fd33040d0868de023a52815f21271ca94e63d79f9a15b8d,0.137931034,
000815f549e6b6e50bae744d2b736ba34f479270eda54b66141ff57c,0.220930233,
0008171aa5352a38eeda853b9e9f2148d9b7bd6d9762e94c9e63478c,0.058823529,
0008194f8182b1a91789ad73cc1ea64146fc00bbd0d3a220a5f3315c,0.082352941,
000820a4ffc6c83aa67a621ac3b59238d4f851f6098ca91292c5b593,0.125,
00082854c239062d386c13bf5bca0bf9f8322381080e0c3ef99f460c,0.414012739,
00082c408aedcad9d338f5f9dabba271bc78bfc2bbeb4341ce382009,0.007692308,
00082ca5fe98ed6b09c8b83649e2a73cc615cb65fdceac8c3c6184a7,0.141176471,
00082de82b72a86d21e0cb7640ec3289615469cbea543ef4a13fcfb3,0.017647059,
0008327b6ec7adbbc593fd8ac49e78c820d6ab0888cce245575b92fb,0.388888889,
0008331dcf07f039215c0820b648b4182c4d5c857609a5598889de29,0.10483871,
00083573b87ada517dca69a5b93ac5d68e911a8d6d59c3d7306e6f9f,0.087912088,
0008363a6089a4e83b38d602d251e3726777d7fc263ec989fce0c551,0.12,
000839cc9b4818b0cd540dd1991457816f528735ea60b34745637793,5.369047619,
00083bec87384d76bedffb03f3d989b5c36c20781f25eb1fded5a8de,0.326732673,
00083f8e3a7e23b238f691de6dcb0c31f549eafd06c33f875db5ebb6,0.133333333,
00083fc4b251b0c9795cdb1cea8f657b273df0780b97d9bbb231c3e3,0.14893617,
00084179ce6fcd77a4144d3b66df36e72fa670bcbccc004c7e628b5a,0.08045977,
000841ffab988a409898718c61f310e1ff199fe94c270108b3bb9b77,0.161290323,
0008436d051797c2a35188c32540a08d509e944369fe72cc0689fb02,0.525,
000844059acc0e12ab95e13c21aa1573df0c13320b11a7cee6b39eb2,0.111111111,
000846bf3d81149baa5a074e2e598b20d27f4fe9858d5a4a62bac67f,0.045977011,
00084e9bc801c2c9401653593b9bc068148c6205b12692c59e3a0bd5,0.384615385,
000851b91d720755098606bc3a1ccde7511ce02645fa0b81e8f87864,0.011363636,
000853ec7616a011b0ff230f15ff5c64e613b5c62d8dbfd7d6ad6a02,1.172413793,
00085ef21134a30d2042a9b295daf9488e7e45a7a026d741501dda29,0.088669951,
000863a5b96b0e166a66e766ed549694a2db0bc50a1cd962f45aa842,0.662162162,
000863f63ad82c3ae401781a4fff20099d6b48bb88fa64e835f4128e,0.315068493,
0008687051b72108b2614a3d1217922f6b4d2d38ff42f76ea10e6efc,0.652631579,
00086b054ab021b5ca8e54a885d69460bdb6bfeacbca9ce2a7c113aa,0.241758242,
00086dbd8f60441240addaf79b6204be0b6721a1df5cd273927d398b,0.023255814,
00086f61ca3decf3d3076a278a308b8d8a855c0014977754845cd949,0.290697674,
00086ff5ffa4755f67499042771e911bb74fe09bb9818bb667d7eacc,0.148148148,
000870af752acab330ecf5fb2370040b78dfa261b1342c7ba83fad3a,0.022727273,
0008713894929b496cd536ac9136c5ce45b743d49c0afe1f33b4552a,0.096385542,
0008718d8e99ca8bf4e37e5e62a899828a47866265a021072a5a053b,0.129411765,
000874a38ed028c54d35a6b7fd1c3e72db4c009eea74fa7a0eac7cfc,0,
000876cd04d7ad9ccd7bd385c537755177b6079c950198f135c88ad2,0.11627907,
00087c00dd2e0d29c531d25f7df7c72402fe5593f441096d30cf85c3,0.26984127,
00087c68a6b3cf9452f7721b5fab5aa8abac38921ed07da37cd9af0f,0.164835165,
00087f2c7b823b1215735fabdc0b8af2cd6792f00ada8064bc86f468,0.093023256,
0008818a9a22118d58f73686767db464312c555002a1dd7776bfaa60,0.073170732,
000882b3bec1e5cd6f3f1a7ecd2f61cfbc2f815d8417a9d8dc63f3eb,0.117647059,
0008856b1ab25d13da7231a2a17847717c99404baf47bde5e1d03bb6,0.105263158,
0008876bdb2334ed2d9724d20a0cd14caf79887f8fba9872b035fc83,0.629032258,
00089134d49b2895b1589bba7ff94a7822bd51ea537ccad349c704a3,0.113636364,
00089226293fb6f0599f7fb48809052c1d0c7b4d2b908d98c4a9bd0d,0.142857143,
000897b1d73c96305b6c0096b3483210c8bf59bf955d86393ac59fd5,0.048780488,
0008982599cb739548d023875df884136232f11c9476fe37035e7c52,0.16,
0008a06a2ffb049fe3a1f0561c3017efc5fcca682671cd3530b4a815,0.05952381,
0008a4b7060b5940db0b2e7201c11f77306446eed4afa9f273cc436b,0.206896552,
0008a816946c2e1f2f86fa902856bb4744267913b5e828ba2505288c,0.346938776,
0008acee02e88cfd9dbddc495f6d06f0a80d29118f4b2efc36125d4f,0.058139535,
0008af3011091839793f0304f02469b7b0d3c8a97bef93de0b618e1b,0.034883721,
0008b0364bbdaa0887289a050eff2c0ce4649ab969cc37b8bfd9e37e,0.054347826,
0008b0e2adcc028845c9cf2afe0f37693f21e17afec2193c7ec05d12,0.318181818,
0008b30b96add0a5b7ae521f83e10bea0c475147d9d815bfaa4c0ab9,0.011494253,
0008b384330355f20655f117d822edaf3dba99fb0fe646d0d3f1e289,0.285714286,
0008b5617fb775b8d447c603b4aec600b332c4fc0fb89608c2830754,0.058139535,
0008b757fc9031a47e5428d04fa4c6264f0601c5f26814d4ead737cc,0.047244094,
0008bc486cd476febf749f8d8c2f0cff00014a5b6873bcf03d4c6e49,0.021978022,
0008bd5fd9dd2bad51b7473ced4641d1bf929b2cf02f3cb5cd1ba178,0.329411765,
0008bf263c53b56a1fd8eba7dcb798693a27a90c9a157f71d7230030,0.378947368,
0008c7d8e0c7bf5b131cd8aa0f4e8e43cdcdad201b804a6337ebf0f0,0.318681319,
0008cd780d78939bf94a25694c49ca650a8a97537b13b416bfb8afca,0.226190476,
0008ce70890cd7a9549fdd76007e6ccdaef5911ec225b8881553f451,0.430107527,
0008cefb506463c1e23ad2bd6e6886f7d2c16f6b2d2ab1cec123d86c,0.290322581,
0008d1d2ea3a24d28dfa1a2d29c4aeb8bd7908fb14016d2e752c652e,0.077348066,
0008d859b1215b3847f9577c6fb3f3ef11f31fbec4dc89738fea4b37,0.245614035,
0008da6d376f9816c96f2ba4a3bd0a04082fae62a6dc9f3775f4b740,0.174603175,
0008dd22659c3888c96534fb30ea9c95bfceb43a6190635cc53dcee2,0.310810811,
0008dedae6fd9a0fdc022153401382ff7455db56de0b573ee1869206,0.284482759,
0008dedeb01351e6ee8dcf64e39f139814a4e7dd71d66e5c0ab500be,0.047619048,
0008e326ab77a009876152ac909a3fa92bd04632f1b59309d8529623,0.133333333,
0008e3a709b235faff0e8482615b0bf38c74cf26c857d26b6dc54065,1.881355932,
0008ea3782282d825f23e42c2b51c51fd67f268885eac77432af236a,0.023121387,
0008ee551864eed4b2757ad09eda5983ba07db33ac913d38505f00dd,0.051020408,
0008ef7533cd4ed129b3cf92567c1894cc76d1c6e2ca0930911477ed,0.162790698,
0008f01868a2a40120ac45cc5910adbc0de7b63eae37c6f5a6a2ff2e,0.035294118,
0008f0a4237eaff4ab6577cee78f049625ce3bdb6eac5e9c1f35fd56,6.063291139,
0008f1627c52b558ed22d9ce9d77b6e1185348f6dbf74f910a42c8eb,0.23255814,
0008f503259120c2944ece4ea6e555660895593c05035ead17c82088,0.034090909,
0008f57b53e85d50ad2798e47ae4a3c8e55db6c9b47f35fcf3489140,0.177777778,
0008f93b1b587e8f4ec4b3f1e36c98313e222658e93b9f5b7f848d1a,0.315217391,
0008fbc785426e30808c8e682657906eb5e081b5cfe9cee1cdb46ba5,0.155555556,
0008ffde0950b72280e6cd54a40facddca58bccda14ab4dbb296b42c,0.047619048,
000901372b59808a2ebc9114bea33b2393dbc471cfcdaaa3b796eb3e,0.106382979,
000904ae7b39de2fb9d233a5590d02a934c9c420114d7be6e7fa2579,0.035714286,
00090638d3f9953f1af8eeb55c9bbec234e287de3d63b8adb7b02893,0.181818182,
00090b12d8e9dbe177797ddcf868240eb75e08d1684347d49b9f5e8b,0.147727273,
00090d74f507b2a604281d8775355b64d596e8af6fbc07f7ae7a13f3,0.128205128,
00090d77ecbbdadcf4d806f63a289660e5936a452bf5d49fa8cc6b65,0.008064516,
000910f892ec6f677df9e10c3259e9c65caa8948d12fad795ececeba,1.035714286,
000912ab57b9b81d148a32d246bc678481e1ddda5573eeaf09a213ac,0.441860465,
0009133b581388099e93f15099a811752a9049c32ef9b828f7e18976,0.795454545,
00091c7cab64e08d707afddaf21865414a18eff252f0b7bb71a4f813,0.472527473,
00091dd270ca8c36a596dc18fe8264c8ab71795458791ba88d4e7cca,4.674157303,
00091e5a9890545b5813ef80a11e3fa22f6c4f59f6d07543b2586b70,0.011111111,
00091ec44e33f323fc8b84e4e5ad5e27724e5e5a91b9909c49839499,0.93258427,
000920785d997087b3624cc11f7ae14ebce4e903e2e4b05cb65181e3,0.182926829,
0009213079d7484da10595f3b618ccdbfd54d135fa64420622b33a6c,0.365384615,
000921ad56a5eeb0d9493ab4c643f4b492e2a70dd836a23a6e39b99e,0.047058824,
000925d5557729e8b5c53cd0ed44c476c54699c0eac2e9f973674e13,0.064516129,
00092c42dc65b3d348e8c2a9d7710b2790d4edee798a46de0486f0cf,0.085365854,
00092f8cbe7679ce1648f7454866b16a098d4e0274148291fb2a3355,0.130952381,
0009353e1b29bc3047b1c9ad4f03a9209c965fbdc5cc2fa4577865f3,0.5,
000939da60724d73df391e9bc19406252c6a96e6794f989f7fe8d3f5,4.529411765,
00093aeb29e9612ccd36eaafaef462ceb736266266d4ce8fd16cd427,0.25,
00093b14e945b8c1180d223e52db3bfe6bf13401b6ebbf7b840e1e7c,0.105882353,
00093b4bb633a9791f70e073c04664de5ebef8775b271df3ddd61afb,0.0625,
00094311f17ebd1527d4b20737db9194a310ae82a88c53998ed6eb08,0,
00094327b85262d9e3aa44be743a5cc415a8afbb2daafae87ece1f78,0.25,
000944a93a0ebf7b22bc5ceb86e2f4c3e4f77ed7ec918c3f17ac61b3,0.142857143,
000945190591dabc06e38f0bcc6d67938bd1a4dd38d5683d7b2537ac,0.166666667,
000947d67c69c46020ae61b159b3fb407aa25a4aa6444d14fd4d859d,0.133333333,
00094991876eb293341ca84d826f463e13b27491315219937c221beb,0,
00094de4fbe791fa487d5182132179600551ddc026e52e57b270dfdd,1.125,
00094f4298d572eda62192e42c1e2d5a0715bccced64bb40da6cb894,0.095238095,
000950163cc14a5f4e3d48faddcf3387c3084a479851c0c854d1069f,0.064516129,
0009534f32b573aa57e1fbe5a08ea93f1689f9b2b3d41006876b0bc4,0.106382979,
0009552758519999f50a3006d56d887c76e3a028da7211b6653fe1a1,0.097560976,
000957c98fff94c7b3afbb176dafd666de9bde2ec45c35e99cd2abb9,0.735294118,
00095cc4a53a39ed221d8cb3dd35ad8359e44ec3da24cbfe4faeceff,0.072289157,
000965e886fc9c021da395bbae7dca91c759100e4b7f4a362bfa8c90,0.019230769,
0009662d4b4c4dc0db73d16fd120e1f284e129b5f6cb836a269c9a87,0.117647059,
000966e5417cac746240d0ddae577a94ff2c46165d3b4d685cae815a,0.010989011,
000968690978fbc43a98a329cded506f6de85d5343ce0a8923241fea,0.166666667,
0009692514b4eadf3e4174442556fc66b79436c9d3b9cee3bb8cb1fb,0.04494382,
000969cff678e2820c77dda108a5a620d26d4d3db05601bea1d07791,0.173913043,
00096aaf5ee91c014532961e0c488c2541d2d149b7e9fcc5951d929b,0.011363636,
00096b4401c805c0227b8380de65639ac03999773d9884d497511cb6,0,
00096b6fada6184b58a3a6fe9fc5f17bf59455e97ebd2a1e78d9c09d,0.1375,
00096fc577715d6624da87af5941a58e903d2e33ec9c458728177279,0.6125,
00096ff42c049b6acda0aaec99f250b84555cdacf473cb542f2a3605,0.112359551,
0009701ca22b28ab49786389051240ea45b8c3e3df8d9283b291cde6,0.245098039,
00097037dda0b54f0ffdb38365b7d3595ff350f418a499828933415f,0.065934066,
00097200d29842725b1d1473e87c82ee0abc8735d26f71a07bfacbb8,0.023255814,
0009732335666b508c45652561043e680adc6d52a573921dfb52057f,0,
000973656132d622acef16cdb737105ceaf30e468c6f1a24de0348dc,0.052631579,
00097a319fc3464dce6bd9cfb8366d8d7c50eaf849f0d647e1636ad6,0.086956522,
00097ed682d83fddc25e7b36ce0fd78bd03bcc89713741417011eb96,0.037037037,
0009885c75c5683c1499079707683bcbefc9290df99823c615c5b855,0.123595506,
000989ec25189cb2d9985c4b3e20c45d198896ce93748f7292ba50c2,0.144578313,
00098a52babf58efccda3ba66699db612fac7f8d9108253acda320e0,0.054347826,
00098abb0426bd681c13f791ad2159d396e9b9b5817e4202c997e13f,0,
00098bb0e8156fd635fbdcead88bf4d4a4b53eb615fffdee92885d71,0.112359551,
00098bd1045fca6b6a98f7e4f98b69177fbc1e2e2f0b6a66c756aed4,0.159090909,
00098c6e0e43d298e3c6e488abe8213844f6969d8cbd14ef82e43a3d,0.225806452,
0009954db2ed5c2c6de974bb4b4f937cef9073029e8b976e4346fc10,0.217391304,
000999c2612071eb8f3b6166a592880e0a296a8f4b5f6357acf92c61,0.234375,
00099b6aaff9e10bd7b0883a6eb8c1868005207f3da3a90fdb727e66,0.037037037,
00099c5045d076bf7e256e250167ca12ac1e3cb8a6fc9f8bad99abce,0.316831683,
00099cb108378ebb1f90f817d97104068eca829d1c49eb8c0ae14604,0.195402299,
0009a2dd2a2a7f2cca27a3bf535e1e4c0195734a67697e6b8b01aacc,0.107142857,
0009a2ee28aa83ca6f20f50ca661a6a1e3d9214085d3c4ac76311f16,0.04,
0009a53d746e72d97fd7d88c7f3b3c37c0bb80a5b137c5561b32d09b,0.131147541,
0009a98ea44607781fbdbe14589e1389977848259d6c6b46e5a8c740,0.084337349,
0009abf59159464aa7091c84503368c9ac10aa2002bfde924d5fd002,0.75,
0009b2d13e0cf9d6d43cecdfd276388a861ab3be2043194bce7ee81c,0.64516129,
0009b322b6e2d198a7e0e318f382ea7b3fc36293f908706b84a0d612,0.261363636,
0009b37ff02ccbdc1f43773cfb2a307133ad0a3bd0f1a367b134dae2,0.3,
0009b60b7a4911652c06570dce705fdb1758539dce9abc45fda03230,0.02247191,
0009b9039be4961567cf6f34927497acac604a0e1d4cdbf6145bf373,0,
0009bc5478684e45d454900353bd87664912d37b3882ccc8b1d3a58f,0.214814815,
0009bd8ffb7c8e7164416852312cb4d167bffd5fede1da27b4b697ca,0.067961165,
0009c3a20b3e4147a6bf4de140534aea2b4f9fabba91fe2d6dc8a582,0.119402985,
0009c5315f26aeadd8369303b77b3bc7710c74a6261c5b76bae388b3,0.444444444,
0009c85fc10f111c5b5bb7d82aa2c59cf9376dc8ccb2ec3c280a4c3a,0.010309278,
0009ca97fb5f5f22f8c6552040822866ec8b455b7b26431ffa1fbe94,0.247524752,
0009cb6b488e3cb6d4fe4af979013f102749bbf643bcbad669436c73,0.103448276,
0009cdef69845a98dd76e1e18e535c403c506af8f91b30f6bba41b26,0.323863636,
0009cf98be4865086a59d40d7abb3973532b0975fdb5fe491a53949b,0.368421053,
0009cfa150a28125c2df1dc8b6c6ea175ff228090c657c8f799faaa2,0.214285714,
0009d55441907240f64572b23068c33d404e48b77c897f30239e07f4,0.025,
0009d6b4e3b16176f27d4494ff74e71b5cc02c6e817b73d334b68d92,0.105882353,
0009d6c89194fc76c46424124b7d9ff3a69140e531e4e802815f420d,0.246753247,
0009d963fe08227f3a2acb4f0b5c5c8b614f0ee4a1fd29df6b30269f,0.302325581,
0009d9ea667572f951e37349ae994e51a437438699c11a3aa83e0052,0.862068966,
0009dba57c6d38480c2c06e5ea2c5afbc66beb5c3fc2c36d649736fc,0.218390805,
0009ded3b81901368869267b3a60059a629cd66fec095c0c5622ced2,0.109756098,
0009e1d36bd06ec32c3ab322e1d231d2c40da51a2f54f62bd8bb7e2d,0.412698413,
0009e2b510b1ef7e7173a5849b91d4884ea79bc90efdfcfaabccff11,0.214285714,
0009e58711bc8c6776c00edf23a63924971522b416748713891e41d4,0.325842697,
0009e5bbb08d2ec013048507a693708a67929c2e0b485633a75d520a,0.08045977,
0009e63f3eeaa1370b8ea91e1cb126561bc8c82376cd8c28d6d91518,0.204819277,
0009eb47391a83d583613e6f92250dc5e1c4fc59e1ff962a94013fcd,0.045454545,
0009ee2cb13b5941b4e6f89c4cfac6b6bdef2efbfcc09e80dc58978f,0,
0009ee5e99d192aad1407d4c7cafc0d71b50719f1f5f7f3debeec59e,0.035714286,
0009f2ce8fb3c42dfaab0c2f93a6630cefdd1429f4488cca47afa7d5,0.093023256,
0009f3190cb1ea82802725f7aa39730b2a85e9f100968db0871ffe47,0,
0009f5a12bb4f7b1bc1e3c4108c3c00890d864ddecd691072ba2b10c,0.141176471,
0009f6c2c64bca100d4f937449bc8f7ebb7c8d25117728ff6a8a51ab,0.083969466,
0009f858267e687aeee7427e27aefeb1e3196b9cf2a980b41bbb121d,0.085365854,
0009f95dce86a3e74ee8339e4eb6b62f5236970e592706aa70730ce5,0.108695652,
000a01ea126c4b59aa992d992a1a8e1076a53bf7755eb6a0f80a2cdb,0.167664671,
000a0662381d6b760c58ab4a1bfa75b5229889460ce86ec8c6721982,0.046511628,
000a087eebdf041ef1bac20fe12e45212399f366e830638edf200291,0.463414634,
000a09bbfd10b528b03cc9a7cfe50caf405ceff75cae511a4c4696f5,2.674698795,
000a0ab52b1af3877256893b013e1c3f0aa8ca7e27b1206329bc73be,0.184782609,
000a102231e790585dfa5c063aa21d62474743fa33025386f17cd535,0.438095238,
000a11b3987234b06700342b502688dad46a551d9eff99cbe23c2182,0.904761905,
000a121ad8ea10fc5e86732343df7490529256a9bde6203c17f8bba4,0.30952381,
000a125256b260eba3e891c045f7f6415ed27a2708e7299f44c94b89,0.293478261,
000a177a7e6f3f03a8180bcac743937ba06d52401ce443269a7bb39d,0.144578313,
000a17c8ff1a9353b35fe2ceda654796af4e5f83807692ced2c8164f,0.337209302,
000a187d7de8c4b977db7e8a2f6adea41ec84e7c7c5ad2b6642b2dc3,0.536842105,
000a1e9033c3c6651561f242bc43ed6d8bcf5d8ce8ed4010d24cdb8e,0.138888889,
000a2029b223319996377e90194fef7035ea9e33f87689800fba721e,0.152941176,
000a221c53105b5dc78ccf972feb10d3d4707e35ea5ebece5b0e54f8,0.406976744,
000a280442218ba111eeb9deab3886e790b26f294f65a99dce5c70c8,0.174418605,
000a296951585e947aba6701aa75f4d597c9c70a22cbd17150aacd1b,0.075757576,
000a2b77339129e6a97464d77e96793e9f4dbcdf43d2375da8012680,0.296703297,
000a31f0de12de115b00c8e5038ed6634ecf08589fbeb6719eeabb1b,0.094117647,
000a32224bf6f8d1c06371fdb5db24be3a89b3802922a5c490a0e4fd,0.111111111,
000a331f68ae866f7a1ee78bf3f2599fe4c80daa03056da05cb44096,0.159090909,
000a34891422ac1cb74a947c848dfc2ba33bd0bcda49fe8dda51855b,0.082352941,
000a3d271d4977d80dbea7f60a44500f84a7b2da0e031a6a973254c9,0.227848101,
000a3eefd68843053b0327fbed5084d2d5df00893e65ce550f8c49fa,0.06741573,
000a3f2220cf6f0e5f59c7268d2221cbc106f355d3799dfb39b4119d,0.175675676,
000a43b9fef37d1c1f9dec7e643ec94e667ae9555babc97ac5d0b060,0.282608696,
000a462fe72fb410085eed691d61ea0fff0a732ea19c78240371336f,0.078651685,
000a46fbd90e885e10f62ce15371756f2f523386a2449aecff594d24,0.05952381,
000a510ba9683619b177f697e3df5ce2c32b5f417e5267a66fa122b2,0.162790698,
000a55963477a5855e305a6ef7de56c81c5a19d58ef9fe3df4e8ea21,0.044444444,
000a55d6ed0651a819afd3425d76cb4449ed63f97073de366a0254fb,0.215189873,
000a564fe617b4e4cacf54d38211ee88ebdc72a0cab40eb6a5ddbb1a,0.036585366,
000a567f4285e65041903e00e35a60e15c001f6a9f521bd7fa57772a,0.168,
000a57e27e603346d8db327b471ba90f0b9089af62e47d3c2be7891d,0.121212121,
000a5ab9a25b36037d8f1fd2df1885d34fb23df124e714400229dddf,0.061728395,
000a5d6898002138b2d74785c044b87b80c478407e8438ff7f425227,0.108433735,
000a60d665e3bfdc754a1cdb0aa75845527d9096974b55e6a1294936,0.133858268,
000a62b41856b7303253ac6bad93c71279a899965e807dbf05dc4d2d,0.102040816,
000a68c248bc81f0088d82bb5e914195049e08c14e6a04337781b835,0.191011236,
000a68ca60e02d62ad495c04e43160daddbec6c006ff818cae0c4fa1,0.153846154,
000a68f6daba0e5f15ff8fd86103463d91c279421c54061cbb72028e,0.2,
000a69451e7b5b1ca96f59626ec0174d563edd9716c465cc62c4bb50,0.12,
000a6b0de059f591a3fd6c33b1850ae78f184f3685bb03f3d90a214e,0.076923077,
000a6b3ed1ece4a81f1a7f4599e18f15c4ad0e0af10f79541d233a01,0.304347826,
000a773c767fec1d6375e7db02e54261101f1e2322901367593688b8,0.047244094,
000a7d69a53cc2d5d7c3b721833d7e74468cd3b0c6bfdfd924057058,0.326530612,
000a7e564c561a4aea1e36cc529800a34979dc119befb4139a9bfa94,0.23255814,
000a8674d3b1adcd326d7ed3e611a3e1eb5280ca5a2e4cc599f9579a,1.913978495,
000a87925767c659e32aa2764e4877202b6d3e77caac91074710d343,0.08988764,
000a87d1e87fca19072e6d9d556d09d249dd4699546fd6078b39a67b,0.131868132,
000a8c95024ca7ac866b9b82d180b71a92661575875464cb905777ee,0.017241379,
000a8e92ba74ce2711428d34371a9375bb8c25151d94ea598cfb4f11,0.193548387,
000a8ffaaee22ad84ae7218ea9c7b12c0e3d503a83f9066251a3452d,0.154761905,
000a94dbf5228282a2e8413ad081382e97406e8205866b78c063a76b,0.220930233,
000a9777bbfddbb1da493aae6c6ca41a7665e610ae872c7f887bfd88,0.297619048,
000a97b5821d158354ea9b077f5a05d644810985d53906f0037b9fb0,0.159090909,
000a982fc5ff7c302aefd60ea2b5c013ed683b41e91a8fa012c5264e,0.05952381,
000aa59ae5855d4967cc9bdc5e49b0a731ff3485dd29e56562307b57,0.056818182,
000aa743b089364f66266592c867225bffbd3a2449394811ec93f281,0.011111111,
000aa851dafd76934023435f0a6904bffee53c7177662b4aecbe82d6,0.047058824,
000aacc5b94add09884091bb45a226b0e431d8f2656e5eb5f5c4d6df,0.011904762,
000aafa284e4f41d42cbb5a167335a54dab5656f4e14fa57758c072f,0.173913043,
000ab052730f458ed95c482fa5623a3af5543e9baa79f8a913e55743,0.021978022,
000aba1a934e04fef8cb2c8ebf704bd6cf5e42bba6a67681cf397040,0.041666667,
000abafc46ced9c6fa50d078832a26659fdcfec9226e8f40caccd4d3,0.213483146,
000abe6e3025de49f7d75dc943b925cad18b3e33afc1f1a2ae420798,0.071428571,
000ac5380ae36df37519acd350d0c104ab4843c5d4d690b001054b02,0.10738255,
000ac695070d4437b8f5ccea289d7bda31908f01fe62df5759bb10f9,0.538461538,
000ac7ec9733de8ec34ca1c202a1815555ea3da32b55be34bd57c6b2,0.235294118,
000aca2c01353ea4e15f8e701f66754e68e4e101963f9f03aa460ebe,0.047337278,
000ace94c86177e4733f35dee57be61fda36484ad5481ab95f3694e2,0.018181818,
000acf40b64f74d6ffa66e8a0a500d78d16cab24c19a241bbc559e0f,0.170454545,
000ad027b6a400aa5dd59e602ed8dd16707309062f8a72f30bf7d2e2,0.358695652,
000ad26e970e7878ba750cebf3053900f712beb3dc8298aa3d889543,0.021505376,
000ad655ec2e8d0593f6cd04348d6a5e7726a7d0d6cd397543c8a9b3,0.049382716,
000ad6c22f20b266297a26479bfde266acaef84e3accec59b5ac9330,0.417582418,
